-- phpMyAdmin SQL Dump
-- version 4.8.5
-- https://www.phpmyadmin.net/
--
-- Host: 127.0.0.1
-- Generation Time: Feb 14, 2020 at 09:47 AM
-- Server version: 10.1.38-MariaDB
-- PHP Version: 7.3.3

SET SQL_MODE = "NO_AUTO_VALUE_ON_ZERO";
SET AUTOCOMMIT = 0;
START TRANSACTION;
SET time_zone = "+00:00";


/*!40101 SET @OLD_CHARACTER_SET_CLIENT=@@CHARACTER_SET_CLIENT */;
/*!40101 SET @OLD_CHARACTER_SET_RESULTS=@@CHARACTER_SET_RESULTS */;
/*!40101 SET @OLD_COLLATION_CONNECTION=@@COLLATION_CONNECTION */;
/*!40101 SET NAMES utf8mb4 */;

--
-- Database: `ihris`
--

-- --------------------------------------------------------

--
-- Table structure for table `appointments`
--

CREATE TABLE `appointments` (
  `id` bigint(20) UNSIGNED NOT NULL,
  `employee_id` bigint(20) UNSIGNED NOT NULL,
  `employment_status` varchar(191) COLLATE utf8mb4_unicode_ci NOT NULL,
  `position_title` varchar(191) COLLATE utf8mb4_unicode_ci NOT NULL,
  `sg` varchar(191) COLLATE utf8mb4_unicode_ci NOT NULL,
  `daily_wage` double(10,2) NOT NULL,
  `from_date` date NOT NULL,
  `to_date` date DEFAULT NULL,
  `nature_of_appointment` varchar(191) COLLATE utf8mb4_unicode_ci NOT NULL,
  `department_id` bigint(20) UNSIGNED NOT NULL,
  `created_at` timestamp NULL DEFAULT NULL,
  `updated_at` timestamp NULL DEFAULT NULL
) ENGINE=InnoDB DEFAULT CHARSET=utf8mb4 COLLATE=utf8mb4_unicode_ci;

--
-- Dumping data for table `appointments`
--

INSERT INTO `appointments` (`id`, `employee_id`, `employment_status`, `position_title`, `sg`, `daily_wage`, `from_date`, `to_date`, `nature_of_appointment`, `department_id`, `created_at`, `updated_at`) VALUES
(1, 20201, 'CASUAL', 'ADMINISTRATIVE AIDE I', '01-1', 498.00, '2020-01-01', '2020-06-30', 'REAPPOINTMENT', 12, '2020-02-10 05:56:08', '2020-02-10 05:56:08'),
(2, 20202, 'CASUAL', 'ADMINISTRATIVE AIDE I', '01-1', 498.00, '2020-01-01', '2020-06-30', 'REAPPOINTMENT', 12, '2020-02-10 05:56:08', '2020-02-10 05:56:08'),
(3, 20203, 'CASUAL', 'ADMINISTRATIVE AIDE I', '01-1', 498.00, '2020-01-01', '2020-06-30', 'REAPPOINTMENT', 12, '2020-02-10 05:56:08', '2020-02-10 05:56:08'),
(4, 20204, 'CASUAL', 'ADMINISTRATIVE AIDE I', '01-1', 498.00, '2020-01-01', '2020-06-30', 'REAPPOINTMENT', 12, '2020-02-10 05:56:08', '2020-02-10 05:56:08'),
(5, 20205, 'CASUAL', 'ADMINISTRATIVE AIDE I', '01-1', 498.00, '2020-01-01', '2020-06-30', 'REAPPOINTMENT', 12, '2020-02-10 05:56:08', '2020-02-10 05:56:08'),
(6, 20206, 'CASUAL', 'ADMINISTRATIVE AIDE I', '01-1', 498.00, '2020-01-01', '2020-06-30', 'REAPPOINTMENT', 12, '2020-02-10 05:56:08', '2020-02-10 05:56:08'),
(7, 20207, 'CASUAL', 'ADMINISTRATIVE AIDE I', '01-1', 498.00, '2020-01-01', '2020-06-30', 'REAPPOINTMENT', 12, '2020-02-10 05:56:08', '2020-02-10 05:56:08'),
(8, 20208, 'CASUAL', 'ADMINISTRATIVE AIDE I', '01-1', 498.00, '2020-01-01', '2020-06-30', 'REAPPOINTMENT', 12, '2020-02-10 05:56:08', '2020-02-10 05:56:08'),
(9, 20209, 'CASUAL', 'ADMINISTRATIVE AIDE I', '01-1', 498.00, '2020-01-01', '2020-06-30', 'REAPPOINTMENT', 12, '2020-02-10 05:56:08', '2020-02-10 05:56:08'),
(10, 20210, 'CASUAL', 'ADMINISTRATIVE AIDE I', '01-1', 498.00, '2020-01-01', '2020-06-30', 'REAPPOINTMENT', 12, '2020-02-10 05:56:08', '2020-02-10 05:56:08'),
(11, 20211, 'CASUAL', 'ADMINISTRATIVE AIDE I', '01-1', 498.00, '2020-01-01', '2020-06-30', 'REAPPOINTMENT', 12, '2020-02-10 05:56:08', '2020-02-10 05:56:08'),
(12, 20212, 'CASUAL', 'ADMINISTRATIVE AIDE I', '01-1', 498.00, '2020-01-01', '2020-06-30', 'REAPPOINTMENT', 12, '2020-02-10 05:56:08', '2020-02-10 05:56:08'),
(13, 20213, 'CASUAL', 'ADMINISTRATIVE AIDE I', '01-1', 498.00, '2020-01-01', '2020-06-30', 'REAPPOINTMENT', 15, '2020-02-10 05:56:08', '2020-02-10 05:56:08'),
(14, 20214, 'CASUAL', 'ADMINISTRATIVE AIDE I', '01-1', 498.00, '2020-01-01', '2020-06-30', 'REAPPOINTMENT', 15, '2020-02-10 05:56:08', '2020-02-10 05:56:08'),
(15, 20215, 'CASUAL', 'ADMINISTRATIVE AIDE I', '01-1', 498.00, '2020-01-01', '2020-06-30', 'REAPPOINTMENT', 15, '2020-02-10 05:56:08', '2020-02-10 05:56:08'),
(16, 20216, 'CASUAL', 'ADMINISTRATIVE AIDE I', '01-1', 498.00, '2020-01-01', '2020-06-30', 'REAPPOINTMENT', 15, '2020-02-10 05:56:08', '2020-02-10 05:56:08'),
(17, 20217, 'CASUAL', 'ADMINISTRATIVE AIDE I', '01-1', 498.00, '2020-01-01', '2020-06-30', 'REAPPOINTMENT', 15, '2020-02-10 05:56:08', '2020-02-10 05:56:08'),
(18, 20218, 'CASUAL', 'ADMINISTRATIVE AIDE I', '01-1', 498.00, '2020-01-01', '2020-06-30', 'REAPPOINTMENT', 15, '2020-02-10 05:56:08', '2020-02-10 05:56:08'),
(19, 20219, 'CASUAL', 'ADMINISTRATIVE AIDE I', '01-1', 498.00, '2020-01-01', '2020-06-30', 'REAPPOINTMENT', 15, '2020-02-10 05:56:08', '2020-02-10 05:56:08'),
(20, 20220, 'CASUAL', 'ADMINISTRATIVE AIDE I', '01-1', 498.00, '2020-01-01', '2020-06-30', 'REAPPOINTMENT', 15, '2020-02-10 05:56:08', '2020-02-10 05:56:08'),
(21, 20221, 'CASUAL', 'ADMINISTRATIVE AIDE I', '01-1', 498.00, '2020-01-01', '2020-06-30', 'REAPPOINTMENT', 15, '2020-02-10 05:56:08', '2020-02-10 05:56:08'),
(22, 20222, 'CASUAL', 'ADMINISTRATIVE AIDE I', '01-1', 498.00, '2020-01-01', '2020-06-30', 'REAPPOINTMENT', 15, '2020-02-10 05:56:08', '2020-02-10 05:56:08'),
(23, 20223, 'CASUAL', 'ADMINISTRATIVE AIDE I', '01-1', 498.00, '2020-01-01', '2020-06-30', 'REAPPOINTMENT', 15, '2020-02-10 05:56:08', '2020-02-10 05:56:08'),
(24, 20224, 'CASUAL', 'ADMINISTRATIVE AIDE I', '01-1', 498.00, '2020-01-01', '2020-06-30', 'REAPPOINTMENT', 15, '2020-02-10 05:56:08', '2020-02-10 05:56:08'),
(25, 20225, 'CASUAL', 'ADMINISTRATIVE AIDE I', '01-1', 498.00, '2020-01-01', '2020-06-30', 'REAPPOINTMENT', 15, '2020-02-10 05:56:08', '2020-02-10 05:56:08'),
(26, 20226, 'CASUAL', 'ADMINISTRATIVE AIDE I', '01-1', 498.00, '2020-01-01', '2020-06-30', 'REAPPOINTMENT', 15, '2020-02-10 05:56:08', '2020-02-10 05:56:08'),
(27, 20227, 'CASUAL', 'ADMINISTRATIVE AIDE I', '01-1', 498.00, '2020-01-01', '2020-06-30', 'REAPPOINTMENT', 15, '2020-02-10 05:56:08', '2020-02-10 05:56:08'),
(28, 20228, 'CASUAL', 'ADMINISTRATIVE AIDE I', '01-1', 498.00, '2020-01-01', '2020-06-30', 'REAPPOINTMENT', 15, '2020-02-10 05:56:08', '2020-02-10 05:56:08'),
(29, 20229, 'CASUAL', 'ADMINISTRATIVE AIDE I', '01-1', 498.00, '2020-01-01', '2020-06-30', 'REAPPOINTMENT', 15, '2020-02-10 05:56:08', '2020-02-10 05:56:08'),
(30, 20230, 'CASUAL', 'ADMINISTRATIVE AIDE I', '01-1', 498.00, '2020-01-01', '2020-06-30', 'REAPPOINTMENT', 15, '2020-02-10 05:56:08', '2020-02-10 05:56:08'),
(31, 20231, 'CASUAL', 'ADMINISTRATIVE AIDE I', '01-1', 498.00, '2020-01-01', '2020-06-30', 'REAPPOINTMENT', 15, '2020-02-10 05:56:08', '2020-02-10 05:56:08'),
(32, 20232, 'CASUAL', 'ADMINISTRATIVE AIDE I', '01-1', 498.00, '2020-01-01', '2020-06-30', 'REAPPOINTMENT', 15, '2020-02-10 05:56:08', '2020-02-10 05:56:08'),
(33, 20233, 'CASUAL', 'ADMINISTRATIVE AIDE I', '01-1', 498.00, '2020-01-01', '2020-06-30', 'REAPPOINTMENT', 15, '2020-02-10 05:56:08', '2020-02-10 05:56:08'),
(34, 20234, 'CASUAL', 'ADMINISTRATIVE AIDE I', '01-1', 498.00, '2020-01-01', '2020-06-30', 'REAPPOINTMENT', 15, '2020-02-10 05:56:08', '2020-02-10 05:56:08'),
(35, 20235, 'CASUAL', 'ADMINISTRATIVE AIDE I', '01-1', 498.00, '2020-01-01', '2020-06-30', 'REAPPOINTMENT', 15, '2020-02-10 05:56:08', '2020-02-10 05:56:08'),
(36, 20236, 'CASUAL', 'ADMINISTRATIVE AIDE I', '01-1', 498.00, '2020-01-01', '2020-06-30', 'REAPPOINTMENT', 15, '2020-02-10 05:56:08', '2020-02-10 05:56:08'),
(37, 20237, 'CASUAL', 'ADMINISTRATIVE AIDE I', '01-1', 498.00, '2020-01-01', '2020-06-30', 'REAPPOINTMENT', 15, '2020-02-10 05:56:08', '2020-02-10 05:56:08'),
(38, 20238, 'CASUAL', 'ADMINISTRATIVE AIDE I', '01-1', 498.00, '2020-01-01', '2020-06-30', 'REAPPOINTMENT', 15, '2020-02-10 05:56:08', '2020-02-10 05:56:08'),
(39, 20239, 'CASUAL', 'ADMINISTRATIVE AIDE I', '01-1', 498.00, '2020-01-01', '2020-06-30', 'REAPPOINTMENT', 15, '2020-02-10 05:56:08', '2020-02-10 05:56:08'),
(40, 20240, 'CASUAL', 'ADMINISTRATIVE AIDE I', '01-1', 498.00, '2020-01-01', '2020-06-30', 'REAPPOINTMENT', 15, '2020-02-10 05:56:08', '2020-02-10 05:56:08'),
(41, 20241, 'CASUAL', 'ADMINISTRATIVE AIDE I', '01-1', 498.00, '2020-01-01', '2020-06-30', 'REAPPOINTMENT', 15, '2020-02-10 05:56:08', '2020-02-10 05:56:08'),
(42, 20242, 'CASUAL', 'ADMINISTRATIVE AIDE I', '01-1', 498.00, '2020-01-01', '2020-06-30', 'REAPPOINTMENT', 15, '2020-02-10 05:56:08', '2020-02-10 05:56:08'),
(43, 20243, 'CASUAL', 'ADMINISTRATIVE AIDE I', '01-1', 498.00, '2020-01-01', '2020-06-30', 'REAPPOINTMENT', 15, '2020-02-10 05:56:08', '2020-02-10 05:56:08'),
(44, 20244, 'CASUAL', 'ADMINISTRATIVE AIDE I', '02-1', 528.00, '2020-01-01', '2020-06-30', 'REAPPOINTMENT', 15, '2020-02-10 05:56:08', '2020-02-10 05:56:08'),
(45, 20245, 'CASUAL', 'ADMINISTRATIVE AIDE I', '01-1', 498.00, '2020-01-01', '2020-06-30', 'REAPPOINTMENT', 15, '2020-02-10 05:56:08', '2020-02-10 05:56:08'),
(46, 20246, 'CASUAL', 'ADMINISTRATIVE AIDE I', '01-1', 498.00, '2020-01-01', '2020-06-30', 'REAPPOINTMENT', 15, '2020-02-10 05:56:08', '2020-02-10 05:56:08'),
(47, 20247, 'CASUAL', 'ADMINISTRATIVE AIDE I', '01-1', 498.00, '2020-01-01', '2020-06-30', 'REAPPOINTMENT', 15, '2020-02-10 05:56:08', '2020-02-10 05:56:08'),
(48, 20248, 'CASUAL', 'ADMINISTRATIVE AIDE I', '01-1', 498.00, '2020-01-01', '2020-06-30', 'REAPPOINTMENT', 15, '2020-02-10 05:56:08', '2020-02-10 05:56:08'),
(49, 20249, 'CASUAL', 'ADMINISTRATIVE AIDE I', '01-1', 498.00, '2020-01-01', '2020-06-30', 'REAPPOINTMENT', 15, '2020-02-10 05:56:08', '2020-02-10 05:56:08'),
(50, 20250, 'CASUAL', 'ADMINISTRATIVE AIDE I', '01-1', 498.00, '2020-01-01', '2020-06-30', 'REAPPOINTMENT', 19, '2020-02-10 05:56:08', '2020-02-10 05:56:08'),
(51, 20251, 'CASUAL', 'ADMINISTRATIVE AIDE I', '01-1', 498.00, '2020-01-01', '2020-06-30', 'REAPPOINTMENT', 19, '2020-02-10 05:56:08', '2020-02-10 05:56:08'),
(52, 20252, 'CASUAL', 'ADMINISTRATIVE AIDE I', '01-1', 498.00, '2020-01-01', '2020-06-30', 'REAPPOINTMENT', 19, '2020-02-10 05:56:08', '2020-02-10 05:56:08'),
(53, 20253, 'CASUAL', 'ADMINISTRATIVE AIDE I', '01-1', 498.00, '2020-01-01', '2020-06-30', 'REAPPOINTMENT', 19, '2020-02-10 05:56:08', '2020-02-10 05:56:08'),
(54, 20254, 'CASUAL', 'ADMINISTRATIVE AIDE I', '01-1', 498.00, '2020-01-01', '2020-06-30', 'REAPPOINTMENT', 19, '2020-02-10 05:56:08', '2020-02-10 05:56:08'),
(55, 20255, 'CASUAL', 'ADMINISTRATIVE AIDE I', '01-1', 498.00, '2020-01-01', '2020-06-30', 'REAPPOINTMENT', 19, '2020-02-10 05:56:08', '2020-02-10 05:56:08'),
(56, 20256, 'CASUAL', 'ADMINISTRATIVE AIDE I', '01-1', 498.00, '2020-01-01', '2020-06-30', 'REAPPOINTMENT', 19, '2020-02-10 05:56:08', '2020-02-10 05:56:08'),
(57, 20257, 'CASUAL', 'ADMINISTRATIVE AIDE I', '01-1', 498.00, '2020-01-01', '2020-06-30', 'REAPPOINTMENT', 2, '2020-02-10 05:56:08', '2020-02-10 05:56:08'),
(58, 20258, 'CASUAL', 'ADMINISTRATIVE AIDE I', '01-1', 498.00, '2020-01-01', '2020-06-30', 'REAPPOINTMENT', 2, '2020-02-10 05:56:08', '2020-02-10 05:56:08'),
(59, 20259, 'CASUAL', 'ADMINISTRATIVE AIDE I', '01-1', 498.00, '2020-01-01', '2020-06-30', 'REAPPOINTMENT', 2, '2020-02-10 05:56:08', '2020-02-10 05:56:08'),
(60, 20260, 'CASUAL', 'ADMINISTRATIVE AIDE I', '01-1', 498.00, '2020-01-01', '2020-06-30', 'REAPPOINTMENT', 2, '2020-02-10 05:56:08', '2020-02-10 05:56:08'),
(61, 20261, 'CASUAL', 'ADMINISTRATIVE AIDE I', '01-1', 498.00, '2020-01-01', '2020-06-30', 'REAPPOINTMENT', 2, '2020-02-10 05:56:08', '2020-02-10 05:56:08'),
(62, 20262, 'CASUAL', 'ADMINISTRATIVE AIDE I', '01-1', 498.00, '2020-01-01', '2020-06-30', 'REAPPOINTMENT', 2, '2020-02-10 05:56:08', '2020-02-10 05:56:08'),
(63, 20263, 'CASUAL', 'ADMINISTRATIVE AIDE I', '01-1', 498.00, '2020-01-01', '2020-06-30', 'REAPPOINTMENT', 2, '2020-02-10 05:56:08', '2020-02-10 05:56:08'),
(64, 20264, 'CASUAL', 'ADMINISTRATIVE AIDE I', '01-1', 498.00, '2020-01-01', '2020-06-30', 'REAPPOINTMENT', 2, '2020-02-10 05:56:08', '2020-02-10 05:56:08'),
(65, 20265, 'CASUAL', 'ADMINISTRATIVE AIDE I', '01-1', 498.00, '2020-01-01', '2020-06-30', 'REAPPOINTMENT', 2, '2020-02-10 05:56:08', '2020-02-10 05:56:08'),
(66, 20266, 'CASUAL', 'ADMINISTRATIVE AIDE I', '01-1', 498.00, '2020-01-01', '2020-06-30', 'REAPPOINTMENT', 2, '2020-02-10 05:56:08', '2020-02-10 05:56:08'),
(67, 20267, 'CASUAL', 'ADMINISTRATIVE AIDE I', '01-1', 498.00, '2020-01-01', '2020-06-30', 'REAPPOINTMENT', 2, '2020-02-10 05:56:08', '2020-02-10 05:56:08'),
(68, 20268, 'CASUAL', 'ADMINISTRATIVE AIDE I', '01-1', 498.00, '2020-01-01', '2020-06-30', 'REAPPOINTMENT', 2, '2020-02-10 05:56:08', '2020-02-10 05:56:08'),
(69, 20269, 'CASUAL', 'ADMINISTRATIVE AIDE I', '01-1', 498.00, '2020-01-01', '2020-06-30', 'REAPPOINTMENT', 2, '2020-02-10 05:56:08', '2020-02-10 05:56:08'),
(70, 20270, 'CASUAL', 'ADMINISTRATIVE AIDE I', '01-1', 498.00, '2020-01-01', '2020-06-30', 'REAPPOINTMENT', 2, '2020-02-10 05:56:08', '2020-02-10 05:56:08'),
(71, 20271, 'CASUAL', 'ADMINISTRATIVE AIDE I', '01-1', 498.00, '2020-01-01', '2020-06-30', 'REAPPOINTMENT', 2, '2020-02-10 05:56:08', '2020-02-10 05:56:08'),
(72, 20272, 'CASUAL', 'ADMINISTRATIVE AIDE I', '01-1', 498.00, '2020-01-01', '2020-06-30', 'REAPPOINTMENT', 2, '2020-02-10 05:56:08', '2020-02-10 05:56:08'),
(73, 20273, 'CASUAL', 'ADMINISTRATIVE AIDE I', '01-1', 498.00, '2020-01-01', '2020-06-30', 'REAPPOINTMENT', 2, '2020-02-10 05:56:08', '2020-02-10 05:56:08'),
(74, 20274, 'CASUAL', 'ADMINISTRATIVE AIDE I', '01-1', 498.00, '2020-01-01', '2020-06-30', 'REAPPOINTMENT', 2, '2020-02-10 05:56:08', '2020-02-10 05:56:08'),
(75, 20275, 'CASUAL', 'ADMINISTRATIVE AIDE I', '01-1', 498.00, '2020-01-01', '2020-06-30', 'REAPPOINTMENT', 2, '2020-02-10 05:56:08', '2020-02-10 05:56:08'),
(76, 20276, 'CASUAL', 'ADMINISTRATIVE AIDE I', '01-1', 498.00, '2020-01-01', '2020-06-30', 'REAPPOINTMENT', 2, '2020-02-10 05:56:08', '2020-02-10 05:56:08'),
(77, 20277, 'CASUAL', 'ADMINISTRATIVE AIDE I', '01-1', 498.00, '2020-01-01', '2020-06-30', 'REAPPOINTMENT', 2, '2020-02-10 05:56:08', '2020-02-10 05:56:08'),
(78, 20278, 'CASUAL', 'ADMINISTRATIVE AIDE I', '01-1', 498.00, '2020-01-01', '2020-06-30', 'REAPPOINTMENT', 2, '2020-02-10 05:56:08', '2020-02-10 05:56:08'),
(79, 20279, 'CASUAL', 'ADMINISTRATIVE AIDE I', '01-1', 498.00, '2020-01-01', '2020-06-30', 'REAPPOINTMENT', 2, '2020-02-10 05:56:08', '2020-02-10 05:56:08'),
(80, 20280, 'CASUAL', 'ADMINISTRATIVE AIDE I', '01-1', 498.00, '2020-01-01', '2020-06-30', 'REAPPOINTMENT', 14, '2020-02-10 05:56:08', '2020-02-10 05:56:08'),
(81, 20281, 'CASUAL', 'ADMINISTRATIVE AIDE I', '01-1', 498.00, '2020-01-01', '2020-06-30', 'REAPPOINTMENT', 14, '2020-02-10 05:56:08', '2020-02-10 05:56:08'),
(82, 20282, 'CASUAL', 'ADMINISTRATIVE AIDE I', '01-1', 498.00, '2020-01-01', '2020-06-30', 'REAPPOINTMENT', 14, '2020-02-10 05:56:08', '2020-02-10 05:56:08'),
(83, 20283, 'CASUAL', 'ADMINISTRATIVE AIDE I', '01-1', 498.00, '2020-01-01', '2020-06-30', 'REAPPOINTMENT', 14, '2020-02-10 05:56:08', '2020-02-10 05:56:08'),
(84, 20284, 'CASUAL', 'ADMINISTRATIVE AIDE I', '01-1', 498.00, '2020-01-01', '2020-06-30', 'REAPPOINTMENT', 14, '2020-02-10 05:56:08', '2020-02-10 05:56:08'),
(85, 20285, 'CASUAL', 'ADMINISTRATIVE AIDE I', '01-1', 498.00, '2020-01-01', '2020-06-30', 'REAPPOINTMENT', 14, '2020-02-10 05:56:08', '2020-02-10 05:56:08'),
(86, 20286, 'CASUAL', 'ADMINISTRATIVE AIDE I', '01-1', 498.00, '2020-01-01', '2020-06-30', 'REAPPOINTMENT', 26, '2020-02-10 05:56:08', '2020-02-10 05:56:08'),
(87, 20287, 'CASUAL', 'ADMINISTRATIVE AIDE I', '01-1', 498.00, '2020-01-01', '2020-06-30', 'REAPPOINTMENT', 26, '2020-02-10 05:56:08', '2020-02-10 05:56:08'),
(88, 20288, 'CASUAL', 'ADMINISTRATIVE AIDE I', '01-1', 498.00, '2020-01-01', '2020-06-30', 'REAPPOINTMENT', 25, '2020-02-10 05:56:08', '2020-02-10 05:56:08'),
(89, 20289, 'CASUAL', 'ADMINISTRATIVE AIDE I', '01-1', 498.00, '2020-01-01', '2020-06-30', 'REAPPOINTMENT', 25, '2020-02-10 05:56:08', '2020-02-10 05:56:08'),
(90, 20290, 'CASUAL', 'ADMINISTRATIVE AIDE I', '01-1', 498.00, '2020-01-01', '2020-06-30', 'REAPPOINTMENT', 25, '2020-02-10 05:56:08', '2020-02-10 05:56:08'),
(91, 20291, 'CASUAL', 'ADMINISTRATIVE AIDE I', '01-1', 498.00, '2020-01-01', '2020-06-30', 'REAPPOINTMENT', 25, '2020-02-10 05:56:08', '2020-02-10 05:56:08'),
(92, 20292, 'CASUAL', 'ADMINISTRATIVE AIDE I', '01-1', 498.00, '2020-01-01', '2020-06-30', 'REAPPOINTMENT', 25, '2020-02-10 05:56:08', '2020-02-10 05:56:08'),
(93, 20293, 'CASUAL', 'ADMINISTRATIVE AIDE I', '01-1', 498.00, '2020-01-01', '2020-06-30', 'REAPPOINTMENT', 25, '2020-02-10 05:56:08', '2020-02-10 05:56:08'),
(94, 20294, 'CASUAL', 'ADMINISTRATIVE AIDE I', '01-1', 498.00, '2020-01-01', '2020-06-30', 'REAPPOINTMENT', 25, '2020-02-10 05:56:08', '2020-02-10 05:56:08'),
(95, 20295, 'CASUAL', 'ADMINISTRATIVE AIDE I', '01-1', 498.00, '2020-01-01', '2020-06-30', 'REAPPOINTMENT', 25, '2020-02-10 05:56:08', '2020-02-10 05:56:08'),
(96, 20296, 'CASUAL', 'ADMINISTRATIVE AIDE I', '01-1', 498.00, '2020-01-01', '2020-06-30', 'REAPPOINTMENT', 25, '2020-02-10 05:56:08', '2020-02-10 05:56:08'),
(97, 20297, 'CASUAL', 'ADMINISTRATIVE AIDE I', '01-1', 498.00, '2020-01-01', '2020-06-30', 'REAPPOINTMENT', 25, '2020-02-10 05:56:08', '2020-02-10 05:56:08'),
(98, 20298, 'CASUAL', 'ADMINISTRATIVE AIDE I', '01-1', 498.00, '2020-01-01', '2020-06-30', 'REAPPOINTMENT', 25, '2020-02-10 05:56:08', '2020-02-10 05:56:08'),
(99, 20299, 'CASUAL', 'ADMINISTRATIVE AIDE I', '01-1', 498.00, '2020-01-01', '2020-06-30', 'REAPPOINTMENT', 25, '2020-02-10 05:56:08', '2020-02-10 05:56:08'),
(100, 20300, 'CASUAL', 'ADMINISTRATIVE AIDE I', '01-1', 498.00, '2020-01-01', '2020-06-30', 'REAPPOINTMENT', 25, '2020-02-10 05:56:08', '2020-02-10 05:56:08'),
(101, 20301, 'CASUAL', 'ADMINISTRATIVE AIDE I', '01-1', 498.00, '2020-01-01', '2020-06-30', 'REAPPOINTMENT', 25, '2020-02-10 05:56:08', '2020-02-10 05:56:08'),
(102, 20302, 'CASUAL', 'ADMINISTRATIVE AIDE I', '01-1', 498.00, '2020-01-01', '2020-06-30', 'REAPPOINTMENT', 25, '2020-02-10 05:56:08', '2020-02-10 05:56:08'),
(103, 20303, 'CASUAL', 'ADMINISTRATIVE AIDE I', '01-1', 498.00, '2020-01-01', '2020-06-30', 'REAPPOINTMENT', 25, '2020-02-10 05:56:08', '2020-02-10 05:56:08'),
(104, 20304, 'CASUAL', 'ADMINISTRATIVE AIDE I', '01-1', 498.00, '2020-01-01', '2020-06-30', 'REAPPOINTMENT', 25, '2020-02-10 05:56:08', '2020-02-10 05:56:08'),
(105, 20305, 'CASUAL', 'ADMINISTRATIVE AIDE I', '01-1', 498.00, '2020-01-01', '2020-06-30', 'REAPPOINTMENT', 25, '2020-02-10 05:56:08', '2020-02-10 05:56:08'),
(106, 20306, 'CASUAL', 'ADMINISTRATIVE AIDE I', '01-1', 498.00, '2020-01-01', '2020-06-30', 'REAPPOINTMENT', 25, '2020-02-10 05:56:08', '2020-02-10 05:56:08'),
(107, 20307, 'CASUAL', 'ADMINISTRATIVE AIDE I', '01-1', 498.00, '2020-01-01', '2020-06-30', 'REAPPOINTMENT', 25, '2020-02-10 05:56:08', '2020-02-10 05:56:08'),
(108, 20308, 'CASUAL', 'ADMINISTRATIVE AIDE I', '01-1', 498.00, '2020-01-01', '2020-06-30', 'REAPPOINTMENT', 25, '2020-02-10 05:56:08', '2020-02-10 05:56:08'),
(109, 20309, 'CASUAL', 'ADMINISTRATIVE AIDE I', '01-1', 498.00, '2020-01-01', '2020-06-30', 'REAPPOINTMENT', 25, '2020-02-10 05:56:08', '2020-02-10 05:56:08'),
(110, 20310, 'CASUAL', 'ADMINISTRATIVE AIDE I', '01-1', 498.00, '2020-01-01', '2020-06-30', 'REAPPOINTMENT', 25, '2020-02-10 05:56:08', '2020-02-10 05:56:08'),
(111, 20311, 'CASUAL', 'ADMINISTRATIVE AIDE I', '01-1', 498.00, '2020-01-01', '2020-06-30', 'REAPPOINTMENT', 25, '2020-02-10 05:56:08', '2020-02-10 05:56:08'),
(112, 20312, 'CASUAL', 'ADMINISTRATIVE AIDE I', '01-1', 498.00, '2020-01-01', '2020-06-30', 'REAPPOINTMENT', 25, '2020-02-10 05:56:08', '2020-02-10 05:56:08'),
(113, 20313, 'CASUAL', 'ADMINISTRATIVE AIDE I', '01-1', 498.00, '2020-01-01', '2020-06-30', 'REAPPOINTMENT', 25, '2020-02-10 05:56:08', '2020-02-10 05:56:08'),
(114, 20314, 'CASUAL', 'ADMINISTRATIVE AIDE I', '01-1', 498.00, '2020-01-01', '2020-06-30', 'REAPPOINTMENT', 25, '2020-02-10 05:56:08', '2020-02-10 05:56:08'),
(115, 20315, 'CASUAL', 'ADMINISTRATIVE AIDE I', '01-1', 498.00, '2020-01-01', '2020-06-30', 'REAPPOINTMENT', 25, '2020-02-10 05:56:08', '2020-02-10 05:56:08'),
(116, 20316, 'CASUAL', 'ADMINISTRATIVE AIDE I', '01-1', 498.00, '2020-01-01', '2020-06-30', 'REAPPOINTMENT', 25, '2020-02-10 05:56:08', '2020-02-10 05:56:08'),
(117, 20317, 'CASUAL', 'ADMINISTRATIVE AIDE I', '01-1', 498.00, '2020-01-01', '2020-06-30', 'REAPPOINTMENT', 25, '2020-02-10 05:56:08', '2020-02-10 05:56:08'),
(118, 20318, 'CASUAL', 'ADMINISTRATIVE AIDE I', '01-1', 498.00, '2020-01-01', '2020-06-30', 'REAPPOINTMENT', 25, '2020-02-10 05:56:08', '2020-02-10 05:56:08'),
(119, 20319, 'CASUAL', 'ADMINISTRATIVE AIDE I', '01-1', 498.00, '2020-01-01', '2020-06-30', 'REAPPOINTMENT', 25, '2020-02-10 05:56:08', '2020-02-10 05:56:08'),
(120, 20320, 'CASUAL', 'ADMINISTRATIVE AIDE I', '01-1', 498.00, '2020-01-01', '2020-06-30', 'REAPPOINTMENT', 25, '2020-02-10 05:56:08', '2020-02-10 05:56:08'),
(121, 20321, 'CASUAL', 'ADMINISTRATIVE AIDE I', '01-1', 498.00, '2020-01-01', '2020-06-30', 'REAPPOINTMENT', 25, '2020-02-10 05:56:08', '2020-02-10 05:56:08'),
(122, 20322, 'CASUAL', 'ADMINISTRATIVE AIDE I', '01-1', 498.00, '2020-01-01', '2020-06-30', 'REAPPOINTMENT', 25, '2020-02-10 05:56:08', '2020-02-10 05:56:08'),
(123, 20323, 'CASUAL', 'ADMINISTRATIVE AIDE I', '01-1', 498.00, '2020-01-01', '2020-06-30', 'REAPPOINTMENT', 25, '2020-02-10 05:56:08', '2020-02-10 05:56:08'),
(124, 20324, 'CASUAL', 'ADMINISTRATIVE AIDE I', '01-1', 498.00, '2020-01-01', '2020-06-30', 'REAPPOINTMENT', 25, '2020-02-10 05:56:08', '2020-02-10 05:56:08'),
(125, 20325, 'CASUAL', 'ADMINISTRATIVE AIDE I', '01-1', 498.00, '2020-01-01', '2020-06-30', 'REAPPOINTMENT', 25, '2020-02-10 05:56:08', '2020-02-10 05:56:08'),
(126, 20326, 'CASUAL', 'ADMINISTRATIVE AIDE I', '01-1', 498.00, '2020-01-01', '2020-06-30', 'REAPPOINTMENT', 25, '2020-02-10 05:56:08', '2020-02-10 05:56:08'),
(127, 20327, 'CASUAL', 'ADMINISTRATIVE AIDE I', '01-1', 498.00, '2020-01-01', '2020-06-30', 'REAPPOINTMENT', 25, '2020-02-10 05:56:08', '2020-02-10 05:56:08'),
(128, 20328, 'CASUAL', 'ADMINISTRATIVE AIDE I', '01-1', 498.00, '2020-01-01', '2020-06-30', 'REAPPOINTMENT', 25, '2020-02-10 05:56:08', '2020-02-10 05:56:08'),
(129, 20329, 'CASUAL', 'ADMINISTRATIVE AIDE I', '01-1', 498.00, '2020-01-01', '2020-06-30', 'REAPPOINTMENT', 25, '2020-02-10 05:56:08', '2020-02-10 05:56:08'),
(130, 20330, 'CASUAL', 'ADMINISTRATIVE AIDE I', '01-1', 498.00, '2020-01-01', '2020-06-30', 'REAPPOINTMENT', 25, '2020-02-10 05:56:08', '2020-02-10 05:56:08'),
(131, 20331, 'CASUAL', 'ADMINISTRATIVE AIDE I', '01-1', 498.00, '2020-01-01', '2020-06-30', 'REAPPOINTMENT', 7, '2020-02-10 05:56:08', '2020-02-10 05:56:08'),
(132, 20332, 'CASUAL', 'ADMINISTRATIVE AIDE I', '01-1', 498.00, '2020-01-01', '2020-06-30', 'REAPPOINTMENT', 7, '2020-02-10 05:56:08', '2020-02-10 05:56:08'),
(133, 20333, 'CASUAL', 'ADMINISTRATIVE AIDE I', '01-1', 498.00, '2020-01-01', '2020-06-30', 'REAPPOINTMENT', 1, '2020-02-10 05:56:08', '2020-02-10 05:56:08'),
(134, 20334, 'CASUAL', 'ADMINISTRATIVE AIDE I', '01-1', 498.00, '2020-01-01', '2020-06-30', 'REAPPOINTMENT', 1, '2020-02-10 05:56:08', '2020-02-10 05:56:08'),
(135, 20335, 'CASUAL', 'ADMINISTRATIVE AIDE I', '01-1', 498.00, '2020-01-01', '2020-06-30', 'REAPPOINTMENT', 1, '2020-02-10 05:56:08', '2020-02-10 05:56:08'),
(136, 20336, 'CASUAL', 'ADMINISTRATIVE AIDE I', '01-1', 498.00, '2020-01-01', '2020-06-30', 'REAPPOINTMENT', 18, '2020-02-10 05:56:08', '2020-02-10 05:56:08'),
(137, 20337, 'CASUAL', 'ADMINISTRATIVE AIDE I', '01-1', 498.00, '2020-01-01', '2020-06-30', 'REAPPOINTMENT', 18, '2020-02-10 05:56:08', '2020-02-10 05:56:08'),
(138, 20338, 'CASUAL', 'ADMINISTRATIVE AIDE I', '01-1', 498.00, '2020-01-01', '2020-06-30', 'REAPPOINTMENT', 18, '2020-02-10 05:56:08', '2020-02-10 05:56:08'),
(139, 20339, 'CASUAL', 'ADMINISTRATIVE AIDE I', '01-1', 498.00, '2020-01-01', '2020-06-30', 'REAPPOINTMENT', 18, '2020-02-10 05:56:08', '2020-02-10 05:56:08'),
(140, 20340, 'CASUAL', 'ADMINISTRATIVE AIDE I', '01-1', 498.00, '2020-01-01', '2020-06-30', 'REAPPOINTMENT', 18, '2020-02-10 05:56:08', '2020-02-10 05:56:08'),
(141, 20341, 'CASUAL', 'ADMINISTRATIVE AIDE I', '01-1', 498.00, '2020-01-01', '2020-06-30', 'REAPPOINTMENT', 3, '2020-02-10 05:56:08', '2020-02-10 05:56:08'),
(142, 20342, 'CASUAL', 'ADMINISTRATIVE AIDE I', '01-1', 498.00, '2020-01-01', '2020-06-30', 'REAPPOINTMENT', 3, '2020-02-10 05:56:08', '2020-02-10 05:56:08'),
(143, 20343, 'CASUAL', 'ADMINISTRATIVE AIDE I', '01-1', 498.00, '2020-01-01', '2020-06-30', 'REAPPOINTMENT', 3, '2020-02-10 05:56:08', '2020-02-10 05:56:08'),
(144, 20344, 'CASUAL', 'ADMINISTRATIVE AIDE I', '01-1', 498.00, '2020-01-01', '2020-06-30', 'REAPPOINTMENT', 3, '2020-02-10 05:56:08', '2020-02-10 05:56:08'),
(145, 20345, 'CASUAL', 'ADMINISTRATIVE AIDE I', '01-1', 498.00, '2020-01-01', '2020-06-30', 'REAPPOINTMENT', 3, '2020-02-10 05:56:08', '2020-02-10 05:56:08'),
(146, 20346, 'CASUAL', 'ADMINISTRATIVE AIDE I', '01-1', 498.00, '2020-01-01', '2020-06-30', 'REAPPOINTMENT', 3, '2020-02-10 05:56:08', '2020-02-10 05:56:08'),
(147, 20347, 'CASUAL', 'ADMINISTRATIVE AIDE I', '01-1', 498.00, '2020-01-01', '2020-06-30', 'REAPPOINTMENT', 3, '2020-02-10 05:56:08', '2020-02-10 05:56:08'),
(148, 20348, 'CASUAL', 'ADMINISTRATIVE AIDE I', '01-1', 498.00, '2020-01-01', '2020-06-30', 'REAPPOINTMENT', 3, '2020-02-10 05:56:08', '2020-02-10 05:56:08'),
(149, 20349, 'CASUAL', 'ADMINISTRATIVE AIDE I', '01-1', 498.00, '2020-01-01', '2020-06-30', 'REAPPOINTMENT', 3, '2020-02-10 05:56:08', '2020-02-10 05:56:08'),
(150, 20350, 'CASUAL', 'ADMINISTRATIVE AIDE I', '01-1', 498.00, '2020-01-01', '2020-06-30', 'REAPPOINTMENT', 3, '2020-02-10 05:56:08', '2020-02-10 05:56:08'),
(151, 20351, 'CASUAL', 'ADMINISTRATIVE AIDE I', '01-1', 498.00, '2020-01-01', '2020-06-30', 'REAPPOINTMENT', 3, '2020-02-10 05:56:08', '2020-02-10 05:56:08'),
(152, 20352, 'CASUAL', 'ADMINISTRATIVE AIDE I', '01-1', 498.00, '2020-01-01', '2020-06-30', 'REAPPOINTMENT', 3, '2020-02-10 05:56:08', '2020-02-10 05:56:08'),
(153, 20353, 'CASUAL', 'ADMINISTRATIVE AIDE I', '01-1', 498.00, '2020-01-01', '2020-06-30', 'REAPPOINTMENT', 3, '2020-02-10 05:56:08', '2020-02-10 05:56:08'),
(154, 20354, 'CASUAL', 'ADMINISTRATIVE AIDE I', '01-1', 498.00, '2020-01-01', '2020-06-30', 'REAPPOINTMENT', 3, '2020-02-10 05:56:08', '2020-02-10 05:56:08'),
(155, 20355, 'CASUAL', 'ADMINISTRATIVE AIDE I', '01-1', 498.00, '2020-01-01', '2020-06-30', 'REAPPOINTMENT', 11, '2020-02-10 05:56:08', '2020-02-10 05:56:08'),
(156, 20356, 'CASUAL', 'ADMINISTRATIVE AIDE I', '01-1', 498.00, '2020-01-01', '2020-06-30', 'REAPPOINTMENT', 11, '2020-02-10 05:56:08', '2020-02-10 05:56:08'),
(157, 20357, 'CASUAL', 'ADMINISTRATIVE AIDE I', '01-1', 498.00, '2020-01-01', '2020-06-30', 'REAPPOINTMENT', 11, '2020-02-10 05:56:08', '2020-02-10 05:56:08'),
(158, 20358, 'CASUAL', 'ADMINISTRATIVE AIDE I', '01-1', 498.00, '2020-01-01', '2020-06-30', 'REAPPOINTMENT', 11, '2020-02-10 05:56:08', '2020-02-10 05:56:08'),
(159, 20359, 'CASUAL', 'ADMINISTRATIVE AIDE I', '01-1', 498.00, '2020-01-01', '2020-06-30', 'REAPPOINTMENT', 11, '2020-02-10 05:56:08', '2020-02-10 05:56:08'),
(160, 20360, 'CASUAL', 'ADMINISTRATIVE AIDE I', '01-1', 498.00, '2020-01-01', '2020-06-30', 'REAPPOINTMENT', 11, '2020-02-10 05:56:08', '2020-02-10 05:56:08'),
(161, 20361, 'CASUAL', 'ADMINISTRATIVE AIDE I', '01-1', 498.00, '2020-01-01', '2020-06-30', 'REAPPOINTMENT', 11, '2020-02-10 05:56:08', '2020-02-10 05:56:08'),
(162, 20362, 'CASUAL', 'ADMINISTRATIVE AIDE I', '01-1', 498.00, '2020-01-01', '2020-06-30', 'REAPPOINTMENT', 11, '2020-02-10 05:56:08', '2020-02-10 05:56:08'),
(163, 20363, 'CASUAL', 'ADMINISTRATIVE AIDE I', '01-1', 498.00, '2020-01-01', '2020-06-30', 'REAPPOINTMENT', 11, '2020-02-10 05:56:08', '2020-02-10 05:56:08'),
(164, 20364, 'CASUAL', 'ADMINISTRATIVE AIDE I', '01-1', 498.00, '2020-01-01', '2020-06-30', 'REAPPOINTMENT', 11, '2020-02-10 05:56:08', '2020-02-10 05:56:08'),
(165, 20365, 'CASUAL', 'ADMINISTRATIVE AIDE I', '01-1', 498.00, '2020-01-01', '2020-06-30', 'REAPPOINTMENT', 11, '2020-02-10 05:56:08', '2020-02-10 05:56:08'),
(166, 20366, 'CASUAL', 'ADMINISTRATIVE AIDE I', '01-1', 498.00, '2020-01-01', '2020-06-30', 'REAPPOINTMENT', 11, '2020-02-10 05:56:08', '2020-02-10 05:56:08'),
(167, 20367, 'CASUAL', 'ADMINISTRATIVE AIDE I', '01-1', 498.00, '2020-01-01', '2020-06-30', 'REAPPOINTMENT', 11, '2020-02-10 05:56:08', '2020-02-10 05:56:08'),
(168, 20368, 'CASUAL', 'ADMINISTRATIVE AIDE I', '01-1', 498.00, '2020-01-01', '2020-06-30', 'REAPPOINTMENT', 11, '2020-02-10 05:56:08', '2020-02-10 05:56:08'),
(169, 20369, 'CASUAL', 'ADMINISTRATIVE AIDE I', '01-1', 498.00, '2020-01-01', '2020-06-30', 'REAPPOINTMENT', 11, '2020-02-10 05:56:08', '2020-02-10 05:56:08'),
(170, 20370, 'CASUAL', 'ADMINISTRATIVE AIDE I', '01-1', 498.00, '2020-01-01', '2020-06-30', 'REAPPOINTMENT', 11, '2020-02-10 05:56:08', '2020-02-10 05:56:08'),
(171, 20371, 'CASUAL', 'ADMINISTRATIVE AIDE I', '01-1', 498.00, '2020-01-01', '2020-06-30', 'REAPPOINTMENT', 11, '2020-02-10 05:56:08', '2020-02-10 05:56:08'),
(172, 20372, 'CASUAL', 'ADMINISTRATIVE AIDE I', '01-1', 498.00, '2020-01-01', '2020-06-30', 'REAPPOINTMENT', 11, '2020-02-10 05:56:08', '2020-02-10 05:56:08'),
(173, 20373, 'CASUAL', 'ADMINISTRATIVE AIDE I', '01-1', 498.00, '2020-01-01', '2020-06-30', 'REAPPOINTMENT', 17, '2020-02-10 05:56:08', '2020-02-10 05:56:08'),
(174, 20374, 'CASUAL', 'ADMINISTRATIVE AIDE I', '01-1', 498.00, '2020-01-01', '2020-06-30', 'REAPPOINTMENT', 17, '2020-02-10 05:56:08', '2020-02-10 05:56:08'),
(175, 20375, 'CASUAL', 'ADMINISTRATIVE AIDE I', '01-1', 498.00, '2020-01-01', '2020-06-30', 'REAPPOINTMENT', 17, '2020-02-10 05:56:08', '2020-02-10 05:56:08'),
(176, 20376, 'CASUAL', 'ADMINISTRATIVE AIDE I', '01-1', 498.00, '2020-01-01', '2020-06-30', 'REAPPOINTMENT', 17, '2020-02-10 05:56:08', '2020-02-10 05:56:08'),
(177, 20377, 'CASUAL', 'ADMINISTRATIVE AIDE I', '01-1', 498.00, '2020-01-01', '2020-06-30', 'REAPPOINTMENT', 17, '2020-02-10 05:56:08', '2020-02-10 05:56:08'),
(178, 20378, 'CASUAL', 'ADMINISTRATIVE AIDE I', '01-1', 498.00, '2020-01-01', '2020-06-30', 'REAPPOINTMENT', 17, '2020-02-10 05:56:08', '2020-02-10 05:56:08'),
(179, 20379, 'CASUAL', 'ADMINISTRATIVE AIDE I', '02-1', 498.00, '2020-01-01', '2020-06-30', 'REAPPOINTMENT', 17, '2020-02-10 05:56:08', '2020-02-10 05:56:08'),
(180, 20380, 'CASUAL', 'ADMINISTRATIVE AIDE I', '01-1', 498.00, '2020-01-01', '2020-06-30', 'REAPPOINTMENT', 20, '2020-02-10 05:56:08', '2020-02-10 05:56:08'),
(181, 20381, 'CASUAL', 'ADMINISTRATIVE AIDE I', '01-1', 498.00, '2020-01-01', '2020-06-30', 'REAPPOINTMENT', 20, '2020-02-10 05:56:08', '2020-02-10 05:56:08'),
(182, 20382, 'CASUAL', 'ADMINISTRATIVE AIDE I', '01-1', 498.00, '2020-01-01', '2020-06-30', 'REAPPOINTMENT', 20, '2020-02-10 05:56:08', '2020-02-10 05:56:08'),
(183, 20383, 'CASUAL', 'ADMINISTRATIVE AIDE I', '01-1', 498.00, '2020-01-01', '2020-06-30', 'REAPPOINTMENT', 20, '2020-02-10 05:56:08', '2020-02-10 05:56:08'),
(184, 20384, 'CASUAL', 'ADMINISTRATIVE AIDE I', '01-1', 498.00, '2020-01-01', '2020-06-30', 'REAPPOINTMENT', 20, '2020-02-10 05:56:08', '2020-02-10 05:56:08'),
(185, 20385, 'CASUAL', 'ADMINISTRATIVE AIDE I', '01-1', 498.00, '2020-01-01', '2020-06-30', 'REAPPOINTMENT', 20, '2020-02-10 05:56:08', '2020-02-10 05:56:08'),
(186, 20386, 'CASUAL', 'ADMINISTRATIVE AIDE I', '01-1', 498.00, '2020-01-01', '2020-06-30', 'REAPPOINTMENT', 20, '2020-02-10 05:56:08', '2020-02-10 05:56:08'),
(187, 20387, 'CASUAL', 'ADMINISTRATIVE AIDE I', '01-1', 498.00, '2020-01-01', '2020-06-30', 'REAPPOINTMENT', 20, '2020-02-10 05:56:08', '2020-02-10 05:56:08'),
(188, 20388, 'CASUAL', 'ADMINISTRATIVE AIDE I', '01-1', 498.00, '2020-01-01', '2020-06-30', 'REAPPOINTMENT', 20, '2020-02-10 05:56:08', '2020-02-10 05:56:08'),
(189, 20389, 'CASUAL', 'ADMINISTRATIVE AIDE I', '01-1', 498.00, '2020-01-01', '2020-06-30', 'REAPPOINTMENT', 20, '2020-02-10 05:56:08', '2020-02-10 05:56:08'),
(190, 20390, 'CASUAL', 'ADMINISTRATIVE AIDE I', '01-1', 498.00, '2020-01-01', '2020-06-30', 'REAPPOINTMENT', 20, '2020-02-10 05:56:08', '2020-02-10 05:56:08'),
(191, 20391, 'CASUAL', 'ADMINISTRATIVE AIDE I', '01-1', 498.00, '2020-01-01', '2020-06-30', 'REAPPOINTMENT', 20, '2020-02-10 05:56:08', '2020-02-10 05:56:08'),
(192, 20392, 'CASUAL', 'ADMINISTRATIVE AIDE I', '01-1', 498.00, '2020-01-01', '2020-06-30', 'REAPPOINTMENT', 20, '2020-02-10 05:56:08', '2020-02-10 05:56:08'),
(193, 20393, 'CASUAL', 'ADMINISTRATIVE AIDE I', '01-1', 498.00, '2020-01-01', '2020-06-30', 'REAPPOINTMENT', 20, '2020-02-10 05:56:08', '2020-02-10 05:56:08'),
(194, 20394, 'CASUAL', 'ADMINISTRATIVE AIDE I', '01-1', 498.00, '2020-01-01', '2020-06-30', 'REAPPOINTMENT', 20, '2020-02-10 05:56:08', '2020-02-10 05:56:08'),
(195, 20395, 'CASUAL', 'ADMINISTRATIVE AIDE I', '01-1', 498.00, '2020-01-01', '2020-06-30', 'REAPPOINTMENT', 20, '2020-02-10 05:56:08', '2020-02-10 05:56:08'),
(196, 20396, 'CASUAL', 'ADMINISTRATIVE AIDE I', '01-1', 498.00, '2020-01-01', '2020-06-30', 'REAPPOINTMENT', 20, '2020-02-10 05:56:08', '2020-02-10 05:56:08'),
(197, 20397, 'CASUAL', 'ADMINISTRATIVE AIDE I', '01-1', 498.00, '2020-01-01', '2020-06-30', 'REAPPOINTMENT', 20, '2020-02-10 05:56:08', '2020-02-10 05:56:08'),
(198, 20398, 'CASUAL', 'ADMINISTRATIVE AIDE I', '01-1', 498.00, '2020-01-01', '2020-06-30', 'REAPPOINTMENT', 20, '2020-02-10 05:56:08', '2020-02-10 05:56:08'),
(199, 20399, 'CASUAL', 'ADMINISTRATIVE AIDE I', '01-1', 498.00, '2020-01-01', '2020-06-30', 'REAPPOINTMENT', 20, '2020-02-10 05:56:08', '2020-02-10 05:56:08'),
(200, 20400, 'CASUAL', 'ADMINISTRATIVE AIDE I', '01-1', 498.00, '2020-01-01', '2020-06-30', 'REAPPOINTMENT', 20, '2020-02-10 05:56:08', '2020-02-10 05:56:08'),
(201, 20401, 'CASUAL', 'ADMINISTRATIVE AIDE I', '01-1', 498.00, '2020-01-01', '2020-06-30', 'REAPPOINTMENT', 20, '2020-02-10 05:56:08', '2020-02-10 05:56:08'),
(202, 20402, 'CASUAL', 'ADMINISTRATIVE AIDE I', '01-1', 498.00, '2020-01-01', '2020-06-30', 'REAPPOINTMENT', 20, '2020-02-10 05:56:08', '2020-02-10 05:56:08'),
(203, 20403, 'CASUAL', 'ADMINISTRATIVE AIDE I', '01-1', 498.00, '2020-01-01', '2020-06-30', 'REAPPOINTMENT', 20, '2020-02-10 05:56:08', '2020-02-10 05:56:08'),
(204, 20404, 'CASUAL', 'ADMINISTRATIVE AIDE I', '01-1', 498.00, '2020-01-01', '2020-06-30', 'REAPPOINTMENT', 20, '2020-02-10 05:56:08', '2020-02-10 05:56:08'),
(205, 20405, 'CASUAL', 'ADMINISTRATIVE AIDE I', '01-1', 498.00, '2020-01-01', '2020-06-30', 'REAPPOINTMENT', 20, '2020-02-10 05:56:08', '2020-02-10 05:56:08'),
(206, 20406, 'CASUAL', 'ADMINISTRATIVE AIDE I', '01-1', 498.00, '2020-01-01', '2020-06-30', 'REAPPOINTMENT', 20, '2020-02-10 05:56:08', '2020-02-10 05:56:08'),
(207, 20407, 'CASUAL', 'ADMINISTRATIVE AIDE I', '01-1', 498.00, '2020-01-01', '2020-06-30', 'REAPPOINTMENT', 20, '2020-02-10 05:56:08', '2020-02-10 05:56:08'),
(208, 20408, 'CASUAL', 'ADMINISTRATIVE AIDE I', '01-1', 498.00, '2020-01-01', '2020-06-30', 'REAPPOINTMENT', 20, '2020-02-10 05:56:08', '2020-02-10 05:56:08'),
(209, 20409, 'CASUAL', 'ADMINISTRATIVE AIDE I', '01-1', 498.00, '2020-01-01', '2020-06-30', 'REAPPOINTMENT', 20, '2020-02-10 05:56:08', '2020-02-10 05:56:08'),
(210, 20410, 'CASUAL', 'ADMINISTRATIVE AIDE I', '01-1', 498.00, '2020-01-01', '2020-06-30', 'REAPPOINTMENT', 20, '2020-02-10 05:56:08', '2020-02-10 05:56:08'),
(211, 20411, 'CASUAL', 'ADMINISTRATIVE AIDE I', '01-1', 498.00, '2020-01-01', '2020-06-30', 'REAPPOINTMENT', 20, '2020-02-10 05:56:08', '2020-02-10 05:56:08'),
(212, 20412, 'CASUAL', 'ADMINISTRATIVE AIDE I', '01-1', 498.00, '2020-01-01', '2020-06-30', 'REAPPOINTMENT', 20, '2020-02-10 05:56:08', '2020-02-10 05:56:08'),
(213, 20413, 'CASUAL', 'ADMINISTRATIVE AIDE I', '01-1', 498.00, '2020-01-01', '2020-06-30', 'REAPPOINTMENT', 20, '2020-02-10 05:56:08', '2020-02-10 05:56:08'),
(214, 20414, 'CASUAL', 'ADMINISTRATIVE AIDE I', '01-1', 498.00, '2020-01-01', '2020-06-30', 'REAPPOINTMENT', 9, '2020-02-10 05:56:08', '2020-02-10 05:56:08'),
(215, 20415, 'CASUAL', 'ADMINISTRATIVE AIDE I', '01-1', 498.00, '2020-01-01', '2020-06-30', 'REAPPOINTMENT', 9, '2020-02-10 05:56:08', '2020-02-10 05:56:08'),
(216, 20416, 'CASUAL', 'ADMINISTRATIVE AIDE I', '01-1', 498.00, '2020-01-01', '2020-06-30', 'REAPPOINTMENT', 9, '2020-02-10 05:56:08', '2020-02-10 05:56:08'),
(217, 20417, 'CASUAL', 'ADMINISTRATIVE AIDE I', '01-1', 498.00, '2020-01-01', '2020-06-30', 'REAPPOINTMENT', 9, '2020-02-10 05:56:08', '2020-02-10 05:56:08'),
(218, 20418, 'CASUAL', 'ADMINISTRATIVE AIDE I', '01-1', 498.00, '2020-01-01', '2020-06-30', 'REAPPOINTMENT', 9, '2020-02-10 05:56:08', '2020-02-10 05:56:08'),
(219, 20419, 'CASUAL', 'ADMINISTRATIVE AIDE I', '01-1', 498.00, '2020-01-01', '2020-06-30', 'REAPPOINTMENT', 9, '2020-02-10 05:56:08', '2020-02-10 05:56:08'),
(220, 20420, 'CASUAL', 'ADMINISTRATIVE AIDE I', '01-1', 498.00, '2020-01-01', '2020-06-30', 'REAPPOINTMENT', 9, '2020-02-10 05:56:08', '2020-02-10 05:56:08'),
(221, 20421, 'CASUAL', 'ADMINISTRATIVE AIDE I', '01-1', 498.00, '2020-01-01', '2020-06-30', 'REAPPOINTMENT', 9, '2020-02-10 05:56:08', '2020-02-10 05:56:08'),
(222, 20422, 'CASUAL', 'ADMINISTRATIVE AIDE I', '01-1', 498.00, '2020-01-01', '2020-06-30', 'REAPPOINTMENT', 9, '2020-02-10 05:56:08', '2020-02-10 05:56:08'),
(223, 20423, 'CASUAL', 'ADMINISTRATIVE AIDE I', '01-1', 498.00, '2020-01-01', '2020-06-30', 'REAPPOINTMENT', 9, '2020-02-10 05:56:08', '2020-02-10 05:56:08'),
(224, 20424, 'CASUAL', 'ADMINISTRATIVE AIDE I', '01-1', 498.00, '2020-01-01', '2020-06-30', 'REAPPOINTMENT', 9, '2020-02-10 05:56:08', '2020-02-10 05:56:08'),
(225, 20425, 'CASUAL', 'ADMINISTRATIVE AIDE I', '01-1', 498.00, '2020-01-01', '2020-06-30', 'REAPPOINTMENT', 9, '2020-02-10 05:56:08', '2020-02-10 05:56:08'),
(226, 20426, 'CASUAL', 'ADMINISTRATIVE AIDE I', '01-1', 498.00, '2020-01-01', '2020-06-30', 'REAPPOINTMENT', 9, '2020-02-10 05:56:08', '2020-02-10 05:56:08'),
(227, 20427, 'CASUAL', 'ADMINISTRATIVE AIDE I', '01-1', 498.00, '2020-01-01', '2020-06-30', 'REAPPOINTMENT', 9, '2020-02-10 05:56:08', '2020-02-10 05:56:08'),
(228, 20428, 'CASUAL', 'ADMINISTRATIVE AIDE I', '01-1', 498.00, '2020-01-01', '2020-06-30', 'REAPPOINTMENT', 9, '2020-02-10 05:56:08', '2020-02-10 05:56:08'),
(229, 20429, 'CASUAL', 'ADMINISTRATIVE AIDE I', '01-1', 498.00, '2020-01-01', '2020-06-30', 'REAPPOINTMENT', 9, '2020-02-10 05:56:08', '2020-02-10 05:56:08'),
(230, 20430, 'CASUAL', 'ADMINISTRATIVE AIDE I', '01-1', 498.00, '2020-01-01', '2020-06-30', 'REAPPOINTMENT', 9, '2020-02-10 05:56:08', '2020-02-10 05:56:08'),
(231, 20431, 'CASUAL', 'ADMINISTRATIVE AIDE I', '01-1', 498.00, '2020-01-01', '2020-06-30', 'REAPPOINTMENT', 9, '2020-02-10 05:56:08', '2020-02-10 05:56:08'),
(232, 20432, 'CASUAL', 'ADMINISTRATIVE AIDE I', '01-1', 498.00, '2020-01-01', '2020-06-30', 'REAPPOINTMENT', 9, '2020-02-10 05:56:08', '2020-02-10 05:56:08'),
(233, 20433, 'CASUAL', 'ADMINISTRATIVE AIDE I', '01-1', 498.00, '2020-01-01', '2020-06-30', 'REAPPOINTMENT', 9, '2020-02-10 05:56:08', '2020-02-10 05:56:08'),
(234, 20434, 'CASUAL', 'ADMINISTRATIVE AIDE I', '01-1', 498.00, '2020-01-01', '2020-06-30', 'REAPPOINTMENT', 9, '2020-02-10 05:56:08', '2020-02-10 05:56:08'),
(235, 20435, 'CASUAL', 'ADMINISTRATIVE AIDE I', '01-1', 498.00, '2020-01-01', '2020-06-30', 'REAPPOINTMENT', 9, '2020-02-10 05:56:08', '2020-02-10 05:56:08'),
(236, 20436, 'CASUAL', 'ADMINISTRATIVE AIDE I', '01-1', 498.00, '2020-01-01', '2020-06-30', 'REAPPOINTMENT', 9, '2020-02-10 05:56:08', '2020-02-10 05:56:08'),
(237, 20437, 'CASUAL', 'ADMINISTRATIVE AIDE I', '01-1', 498.00, '2020-01-01', '2020-06-30', 'REAPPOINTMENT', 10, '2020-02-10 05:56:08', '2020-02-10 05:56:08'),
(238, 20438, 'CASUAL', 'ADMINISTRATIVE AIDE I', '01-1', 498.00, '2020-01-01', '2020-06-30', 'REAPPOINTMENT', 10, '2020-02-10 05:56:08', '2020-02-10 05:56:08'),
(239, 20439, 'CASUAL', 'ADMINISTRATIVE AIDE I', '01-1', 498.00, '2020-01-01', '2020-06-30', 'REAPPOINTMENT', 10, '2020-02-10 05:56:08', '2020-02-10 05:56:08'),
(240, 20440, 'CASUAL', 'ADMINISTRATIVE AIDE I', '01-1', 498.00, '2020-01-01', '2020-06-30', 'REAPPOINTMENT', 10, '2020-02-10 05:56:08', '2020-02-10 05:56:08'),
(241, 20441, 'CASUAL', 'ADMINISTRATIVE AIDE I', '01-1', 498.00, '2020-01-01', '2020-06-30', 'REAPPOINTMENT', 10, '2020-02-10 05:56:08', '2020-02-10 05:56:08'),
(242, 20442, 'CASUAL', 'ADMINISTRATIVE AIDE I', '01-1', 498.00, '2020-01-01', '2020-06-30', 'REAPPOINTMENT', 10, '2020-02-10 05:56:08', '2020-02-10 05:56:08'),
(243, 20443, 'CASUAL', 'ADMINISTRATIVE AIDE I', '01-1', 498.00, '2020-01-01', '2020-06-30', 'REAPPOINTMENT', 10, '2020-02-10 05:56:08', '2020-02-10 05:56:08'),
(244, 20444, 'CASUAL', 'ADMINISTRATIVE AIDE I', '01-1', 498.00, '2020-01-01', '2020-06-30', 'REAPPOINTMENT', 10, '2020-02-10 05:56:08', '2020-02-10 05:56:08'),
(245, 20445, 'CASUAL', 'ADMINISTRATIVE AIDE I', '01-1', 498.00, '2020-01-01', '2020-06-30', 'REAPPOINTMENT', 10, '2020-02-10 05:56:08', '2020-02-10 05:56:08'),
(246, 20446, 'CASUAL', 'ADMINISTRATIVE AIDE I', '01-1', 498.00, '2020-01-01', '2020-06-30', 'REAPPOINTMENT', 10, '2020-02-10 05:56:08', '2020-02-10 05:56:08'),
(247, 20447, 'CASUAL', 'ADMINISTRATIVE AIDE I', '01-1', 498.00, '2020-01-01', '2020-06-30', 'REAPPOINTMENT', 10, '2020-02-10 05:56:08', '2020-02-10 05:56:08'),
(248, 20448, 'CASUAL', 'ADMINISTRATIVE AIDE I', '01-1', 498.00, '2020-01-01', '2020-06-30', 'REAPPOINTMENT', 10, '2020-02-10 05:56:08', '2020-02-10 05:56:08'),
(249, 20449, 'CASUAL', 'ADMINISTRATIVE AIDE I', '01-1', 498.00, '2020-01-01', '2020-06-30', 'REAPPOINTMENT', 10, '2020-02-10 05:56:08', '2020-02-10 05:56:08'),
(250, 20450, 'CASUAL', 'ADMINISTRATIVE AIDE I', '01-1', 498.00, '2020-01-01', '2020-06-30', 'REAPPOINTMENT', 10, '2020-02-10 05:56:08', '2020-02-10 05:56:08'),
(251, 20451, 'CASUAL', 'ADMINISTRATIVE AIDE I', '01-1', 498.00, '2020-01-01', '2020-06-30', 'REAPPOINTMENT', 10, '2020-02-10 05:56:08', '2020-02-10 05:56:08'),
(252, 20452, 'CASUAL', 'ADMINISTRATIVE AIDE I', '01-1', 498.00, '2020-01-01', '2020-06-30', 'REAPPOINTMENT', 10, '2020-02-10 05:56:08', '2020-02-10 05:56:08'),
(253, 20453, 'CASUAL', 'ADMINISTRATIVE AIDE I', '01-1', 498.00, '2020-01-01', '2020-06-30', 'REAPPOINTMENT', 10, '2020-02-10 05:56:08', '2020-02-10 05:56:08'),
(254, 20454, 'CASUAL', 'ADMINISTRATIVE AIDE I', '01-1', 498.00, '2020-01-01', '2020-06-30', 'REAPPOINTMENT', 10, '2020-02-10 05:56:08', '2020-02-10 05:56:08'),
(255, 20455, 'CASUAL', 'ADMINISTRATIVE AIDE I', '01-1', 498.00, '2020-01-01', '2020-06-30', 'REAPPOINTMENT', 10, '2020-02-10 05:56:08', '2020-02-10 05:56:08'),
(256, 20456, 'CASUAL', 'ADMINISTRATIVE AIDE I', '01-1', 498.00, '2020-01-01', '2020-06-30', 'REAPPOINTMENT', 10, '2020-02-10 05:56:08', '2020-02-10 05:56:08'),
(257, 20457, 'CASUAL', 'ADMINISTRATIVE AIDE I', '01-1', 498.00, '2020-01-01', '2020-06-30', 'REAPPOINTMENT', 10, '2020-02-10 05:56:08', '2020-02-10 05:56:08'),
(258, 20458, 'CASUAL', 'ADMINISTRATIVE AIDE I', '01-1', 498.00, '2020-01-01', '2020-06-30', 'REAPPOINTMENT', 10, '2020-02-10 05:56:08', '2020-02-10 05:56:08'),
(259, 20459, 'CASUAL', 'ADMINISTRATIVE AIDE I', '01-1', 498.00, '2020-01-01', '2020-06-30', 'REAPPOINTMENT', 10, '2020-02-10 05:56:08', '2020-02-10 05:56:08'),
(260, 20460, 'CASUAL', 'ADMINISTRATIVE AIDE I', '01-1', 498.00, '2020-01-01', '2020-06-30', 'REAPPOINTMENT', 10, '2020-02-10 05:56:08', '2020-02-10 05:56:08'),
(261, 20461, 'CASUAL', 'ADMINISTRATIVE AIDE I', '01-1', 498.00, '2020-01-01', '2020-06-30', 'REAPPOINTMENT', 10, '2020-02-10 05:56:08', '2020-02-10 05:56:08'),
(262, 20462, 'CASUAL', 'ADMINISTRATIVE AIDE I', '01-1', 498.00, '2020-01-01', '2020-06-30', 'REAPPOINTMENT', 32, '2020-02-10 05:56:08', '2020-02-10 05:56:08'),
(263, 20463, 'CASUAL', 'ADMINISTRATIVE AIDE I', '01-1', 498.00, '2020-01-01', '2020-06-30', 'REAPPOINTMENT', 32, '2020-02-10 05:56:08', '2020-02-10 05:56:08'),
(264, 20464, 'CASUAL', 'ADMINISTRATIVE AIDE I', '01-1', 498.00, '2020-01-01', '2020-06-30', 'REAPPOINTMENT', 32, '2020-02-10 05:56:08', '2020-02-10 05:56:08'),
(265, 20465, 'CASUAL', 'ADMINISTRATIVE AIDE I', '01-1', 498.00, '2020-01-01', '2020-06-30', 'REAPPOINTMENT', 32, '2020-02-10 05:56:08', '2020-02-10 05:56:08'),
(266, 20466, 'CASUAL', 'ADMINISTRATIVE AIDE I', '01-1', 498.00, '2020-01-01', '2020-06-30', 'REAPPOINTMENT', 32, '2020-02-10 05:56:08', '2020-02-10 05:56:08'),
(267, 20467, 'CASUAL', 'ADMINISTRATIVE AIDE I', '01-1', 498.00, '2020-01-01', '2020-06-30', 'REAPPOINTMENT', 32, '2020-02-10 05:56:08', '2020-02-10 05:56:08'),
(268, 20468, 'CASUAL', 'ADMINISTRATIVE AIDE I', '01-1', 498.00, '2020-01-01', '2020-06-30', 'REAPPOINTMENT', 32, '2020-02-10 05:56:08', '2020-02-10 05:56:08'),
(269, 20469, 'CASUAL', 'ADMINISTRATIVE AIDE I', '01-1', 498.00, '2020-01-01', '2020-06-30', 'REAPPOINTMENT', 32, '2020-02-10 05:56:08', '2020-02-10 05:56:08'),
(270, 20470, 'CASUAL', 'ADMINISTRATIVE AIDE I', '01-1', 498.00, '2020-01-01', '2020-06-30', 'REAPPOINTMENT', 32, '2020-02-10 05:56:08', '2020-02-10 05:56:08'),
(271, 20471, 'CASUAL', 'ADMINISTRATIVE AIDE I', '01-1', 498.00, '2020-01-01', '2020-06-30', 'REAPPOINTMENT', 32, '2020-02-10 05:56:08', '2020-02-10 05:56:08'),
(272, 20472, 'CASUAL', 'ADMINISTRATIVE AIDE I', '01-1', 498.00, '2020-01-01', '2020-06-30', 'REAPPOINTMENT', 32, '2020-02-10 05:56:08', '2020-02-10 05:56:08'),
(273, 20473, 'CASUAL', 'ADMINISTRATIVE AIDE I', '01-1', 498.00, '2020-01-01', '2020-06-30', 'REAPPOINTMENT', 32, '2020-02-10 05:56:08', '2020-02-10 05:56:08'),
(274, 20474, 'CASUAL', 'ADMINISTRATIVE AIDE I', '01-1', 498.00, '2020-01-01', '2020-06-30', 'REAPPOINTMENT', 32, '2020-02-10 05:56:08', '2020-02-10 05:56:08'),
(275, 20475, 'CASUAL', 'ADMINISTRATIVE AIDE I', '01-1', 498.00, '2020-01-01', '2020-06-30', 'REAPPOINTMENT', 8, '2020-02-10 05:56:08', '2020-02-10 05:56:08'),
(276, 20476, 'CASUAL', 'ADMINISTRATIVE AIDE I', '01-1', 498.00, '2020-01-01', '2020-06-30', 'REAPPOINTMENT', 8, '2020-02-10 05:56:08', '2020-02-10 05:56:08'),
(277, 20477, 'CASUAL', 'ADMINISTRATIVE AIDE I', '01-1', 498.00, '2020-01-01', '2020-06-30', 'REAPPOINTMENT', 28, '2020-02-10 05:56:08', '2020-02-10 05:56:08'),
(278, 20478, 'CASUAL', 'ADMINISTRATIVE AIDE I', '01-1', 498.00, '2020-01-01', '2020-06-30', 'REAPPOINTMENT', 28, '2020-02-10 05:56:08', '2020-02-10 05:56:08'),
(279, 20479, 'CASUAL', 'ADMINISTRATIVE AIDE I', '01-1', 498.00, '2020-01-01', '2020-06-30', 'REAPPOINTMENT', 28, '2020-02-10 05:56:08', '2020-02-10 05:56:08'),
(280, 20480, 'CASUAL', 'ADMINISTRATIVE AIDE I', '01-1', 498.00, '2020-01-01', '2020-06-30', 'REAPPOINTMENT', 28, '2020-02-10 05:56:08', '2020-02-10 05:56:08'),
(281, 20481, 'CASUAL', 'ADMINISTRATIVE AIDE I', '01-1', 498.00, '2020-01-01', '2020-06-30', 'REAPPOINTMENT', 28, '2020-02-10 05:56:08', '2020-02-10 05:56:08'),
(282, 20482, 'CASUAL', 'ADMINISTRATIVE AIDE I', '01-1', 498.00, '2020-01-01', '2020-06-30', 'REAPPOINTMENT', 28, '2020-02-10 05:56:08', '2020-02-10 05:56:08'),
(283, 20483, 'CASUAL', 'ADMINISTRATIVE AIDE I', '01-1', 498.00, '2020-01-01', '2020-06-30', 'REAPPOINTMENT', 28, '2020-02-10 05:56:08', '2020-02-10 05:56:08'),
(284, 20484, 'CASUAL', 'ADMINISTRATIVE AIDE I', '01-1', 498.00, '2020-01-01', '2020-06-30', 'REAPPOINTMENT', 28, '2020-02-10 05:56:08', '2020-02-10 05:56:08'),
(285, 20485, 'CASUAL', 'ADMINISTRATIVE AIDE I', '01-1', 498.00, '2020-01-01', '2020-06-30', 'REAPPOINTMENT', 28, '2020-02-10 05:56:08', '2020-02-10 05:56:08'),
(286, 20486, 'CASUAL', 'ADMINISTRATIVE AIDE I', '01-1', 498.00, '2020-01-01', '2020-06-30', 'REAPPOINTMENT', 24, '2020-02-10 05:56:08', '2020-02-10 05:56:08'),
(287, 20487, 'CASUAL', 'ADMINISTRATIVE AIDE I', '01-1', 498.00, '2020-01-01', '2020-06-30', 'REAPPOINTMENT', 24, '2020-02-10 05:56:08', '2020-02-10 05:56:08'),
(288, 20488, 'CASUAL', 'ADMINISTRATIVE AIDE I', '01-1', 498.00, '2020-01-01', '2020-06-30', 'REAPPOINTMENT', 24, '2020-02-10 05:56:08', '2020-02-10 05:56:08'),
(289, 20489, 'CASUAL', 'ADMINISTRATIVE AIDE I', '01-1', 498.00, '2020-01-01', '2020-06-30', 'REAPPOINTMENT', 24, '2020-02-10 05:56:08', '2020-02-10 05:56:08'),
(290, 20490, 'CASUAL', 'ADMINISTRATIVE AIDE I', '01-1', 498.00, '2020-01-01', '2020-06-30', 'REAPPOINTMENT', 24, '2020-02-10 05:56:08', '2020-02-10 05:56:08'),
(291, 20491, 'CASUAL', 'ADMINISTRATIVE AIDE I', '01-1', 498.00, '2020-01-01', '2020-06-30', 'REAPPOINTMENT', 24, '2020-02-10 05:56:08', '2020-02-10 05:56:08'),
(292, 20492, 'CASUAL', 'ADMINISTRATIVE AIDE I', '01-1', 498.00, '2020-01-01', '2020-06-30', 'REAPPOINTMENT', 24, '2020-02-10 05:56:08', '2020-02-10 05:56:08'),
(293, 20493, 'CASUAL', 'ADMINISTRATIVE AIDE I', '01-1', 498.00, '2020-01-01', '2020-06-30', 'REAPPOINTMENT', 30, '2020-02-10 05:56:08', '2020-02-10 05:56:08'),
(294, 20494, 'CASUAL', 'ADMINISTRATIVE AIDE I', '01-1', 498.00, '2020-01-01', '2020-06-30', 'REAPPOINTMENT', 30, '2020-02-10 05:56:08', '2020-02-10 05:56:08'),
(295, 20495, 'CASUAL', 'ADMINISTRATIVE AIDE I', '01-1', 498.00, '2020-01-01', '2020-06-30', 'REAPPOINTMENT', 29, '2020-02-10 05:56:08', '2020-02-10 05:56:08'),
(296, 20496, 'CASUAL', 'ADMINISTRATIVE AIDE I', '01-1', 498.00, '2020-01-01', '2020-06-30', 'REAPPOINTMENT', 27, '2020-02-10 05:56:08', '2020-02-10 05:56:08'),
(297, 20497, 'CASUAL', 'ADMINISTRATIVE AIDE I', '01-1', 498.00, '2020-01-01', '2020-06-30', 'REAPPOINTMENT', 27, '2020-02-10 05:56:08', '2020-02-10 05:56:08'),
(298, 20498, 'CASUAL', 'ADMINISTRATIVE AIDE I', '01-1', 498.00, '2020-01-01', '2020-06-30', 'REAPPOINTMENT', 23, '2020-02-10 05:56:08', '2020-02-10 05:56:08'),
(299, 20499, 'CASUAL', 'ADMINISTRATIVE AIDE I', '01-1', 498.00, '2020-01-01', '2020-06-30', 'REAPPOINTMENT', 31, '2020-02-10 05:56:08', '2020-02-10 05:56:08'),
(300, 20500, 'CASUAL', 'ADMINISTRATIVE AIDE I', '01-1', 498.00, '2020-01-01', '2020-06-30', 'REAPPOINTMENT', 13, '2020-02-10 05:56:08', '2020-02-10 05:56:08'),
(301, 20501, 'CASUAL', 'ADMINISTRATIVE AIDE I', '01-1', 498.00, '2020-01-01', '2020-06-30', 'REAPPOINTMENT', 21, '2020-02-10 05:56:08', '2020-02-10 05:56:08'),
(302, 20502, 'CASUAL', 'ADMINISTRATIVE AIDE I', '01-1', 498.00, '2020-01-01', '2020-06-30', 'REAPPOINTMENT', 21, '2020-02-10 05:56:08', '2020-02-10 05:56:08'),
(303, 20503, 'CASUAL', 'ADMINISTRATIVE AIDE I', '01-1', 498.00, '2020-01-01', '2020-06-30', 'REAPPOINTMENT', 4, '2020-02-10 05:56:08', '2020-02-10 05:56:08'),
(304, 20504, 'CASUAL', 'ADMINISTRATIVE AIDE I', '01-1', 498.00, '2020-01-01', '2020-06-30', 'REAPPOINTMENT', 5, '2020-02-10 05:56:08', '2020-02-10 05:56:08'),
(305, 20505, 'CASUAL', 'ADMINISTRATIVE AIDE I', '01-1', 498.00, '2020-01-01', '2020-06-30', 'REAPPOINTMENT', 16, '2020-02-10 05:56:08', '2020-02-10 05:56:08'),
(306, 20506, 'CASUAL', 'ADMINISTRATIVE AIDE I', '01-1', 498.00, '2020-01-01', '2020-06-30', 'REAPPOINTMENT', 22, '2020-02-10 05:56:08', '2020-02-10 05:56:08'),
(307, 20507, 'CASUAL', 'ADMINISTRATIVE AIDE I', '01-1', 498.00, '2020-01-01', '2020-06-30', 'REAPPOINTMENT', 22, '2020-02-10 05:56:08', '2020-02-10 05:56:08'),
(308, 20508, 'CASUAL', 'ADMINISTRATIVE AIDE I', '01-1', 498.00, '2020-01-01', '2020-06-30', 'REAPPOINTMENT', 22, '2020-02-10 05:56:08', '2020-02-10 05:56:08'),
(309, 20509, 'CASUAL', 'ADMINISTRATIVE AIDE I', '01-1', 498.00, '2020-01-01', '2020-06-30', 'REAPPOINTMENT', 22, '2020-02-10 05:56:08', '2020-02-10 05:56:08'),
(310, 20510, 'CASUAL', 'ADMINISTRATIVE AIDE I', '01-1', 498.00, '2020-01-01', '2020-06-30', 'REAPPOINTMENT', 6, '2020-02-10 05:56:08', '2020-02-10 05:56:08'),
(311, 20511, 'CASUAL', 'ADMINISTRATIVE AIDE I', '01-1', 498.00, '2020-01-01', '2020-06-30', 'REAPPOINTMENT', 6, '2020-02-10 05:56:08', '2020-02-10 05:56:08');

-- --------------------------------------------------------

--
-- Table structure for table `casuals`
--

CREATE TABLE `casuals` (
  `id` bigint(20) UNSIGNED NOT NULL,
  `last_name` varchar(191) COLLATE utf8mb4_unicode_ci NOT NULL,
  `first_name` varchar(191) COLLATE utf8mb4_unicode_ci NOT NULL,
  `ext_name` varchar(191) COLLATE utf8mb4_unicode_ci DEFAULT NULL,
  `middle_name` varchar(191) COLLATE utf8mb4_unicode_ci DEFAULT NULL,
  `position_title` varchar(191) COLLATE utf8mb4_unicode_ci NOT NULL,
  `sg` varchar(191) COLLATE utf8mb4_unicode_ci NOT NULL,
  `daily_wage` double(8,2) NOT NULL,
  `from_date` varchar(191) COLLATE utf8mb4_unicode_ci NOT NULL,
  `to_date` varchar(191) COLLATE utf8mb4_unicode_ci NOT NULL,
  `nature_of_appointment` varchar(191) COLLATE utf8mb4_unicode_ci NOT NULL,
  `office` varchar(191) COLLATE utf8mb4_unicode_ci NOT NULL,
  `created_at` timestamp NULL DEFAULT NULL,
  `updated_at` timestamp NULL DEFAULT NULL
) ENGINE=InnoDB DEFAULT CHARSET=utf8mb4 COLLATE=utf8mb4_unicode_ci;

-- --------------------------------------------------------

--
-- Table structure for table `casual_appointments`
--

CREATE TABLE `casual_appointments` (
  `id` bigint(20) UNSIGNED NOT NULL,
  `employees_id` bigint(20) UNSIGNED NOT NULL,
  `position_title` varchar(191) COLLATE utf8mb4_unicode_ci NOT NULL,
  `sg` varchar(191) COLLATE utf8mb4_unicode_ci NOT NULL,
  `daily_wage` double(10,2) NOT NULL,
  `from_date` varchar(191) COLLATE utf8mb4_unicode_ci NOT NULL,
  `to_date` varchar(191) COLLATE utf8mb4_unicode_ci DEFAULT NULL,
  `nature_of_appointment` varchar(191) COLLATE utf8mb4_unicode_ci NOT NULL,
  `office` varchar(191) COLLATE utf8mb4_unicode_ci NOT NULL,
  `created_at` timestamp NULL DEFAULT NULL,
  `updated_at` timestamp NULL DEFAULT NULL
) ENGINE=InnoDB DEFAULT CHARSET=utf8mb4 COLLATE=utf8mb4_unicode_ci;

-- --------------------------------------------------------

--
-- Table structure for table `departments`
--

CREATE TABLE `departments` (
  `id` bigint(20) UNSIGNED NOT NULL,
  `name` varchar(191) COLLATE utf8mb4_unicode_ci NOT NULL,
  `short_name` varchar(191) COLLATE utf8mb4_unicode_ci DEFAULT NULL,
  `created_at` timestamp NULL DEFAULT NULL,
  `updated_at` timestamp NULL DEFAULT NULL
) ENGINE=InnoDB DEFAULT CHARSET=utf8mb4 COLLATE=utf8mb4_unicode_ci;

--
-- Dumping data for table `departments`
--

INSERT INTO `departments` (`id`, `name`, `short_name`, `created_at`, `updated_at`) VALUES
(1, 'CITY ACCOUNTING OFFICE', 'ACC', '2020-02-10 06:01:48', '2020-02-10 06:01:48'),
(2, 'CITY ADMINISTRATATOR\'S OFFICE', 'ADMIN', '2020-02-10 06:01:48', '2020-02-10 06:01:48'),
(3, 'CITY ASSESSOR\'S OFFICE', 'CAO', '2020-02-10 06:01:48', '2020-02-10 06:01:48'),
(4, 'BAYAWAN DISTRICT HOSPITAL', 'BDH', '2020-02-10 06:01:48', '2020-02-10 06:01:48'),
(5, 'BUREAU OF INTERNAL REVENUE', 'BIR', '2020-02-10 06:01:48', '2020-02-10 06:01:48'),
(6, 'BAYAWAN NATIONAL HIGH SCHOOL', 'BNHS', '2020-02-10 06:01:48', '2020-02-10 06:01:48'),
(7, 'CITY BUDGET OFFICE', 'CBO', '2020-02-10 06:01:48', '2020-02-10 06:01:48'),
(8, 'CITY COOPERATIVE & MANPOWER DEVELOPMENT OFFICE', 'CCMDO', '2020-02-10 06:01:48', '2020-02-10 06:01:48'),
(9, 'CITY ENVIRONMENT AND NATURAL RESOURCES OFFICE', 'CENRO', '2020-02-10 06:01:48', '2020-02-10 06:01:48'),
(10, 'CITY ENGINEERING OFFICE', 'CEO', '2020-02-10 06:01:48', '2020-02-10 06:01:48'),
(11, 'CITY HEALTH OFFICE', 'CHO', '2020-02-10 06:01:48', '2020-02-10 06:01:48'),
(12, 'CITY MAYOR\'S OFFICE', 'CMO', '2020-02-10 06:01:48', '2020-02-10 06:01:48'),
(13, 'COMMISSION ON ELECTION', 'COMELEC', '2020-02-10 06:01:48', '2020-02-10 06:01:48'),
(14, 'CITY PLANNING AND DEVELOPMENT OFFICE', 'CPDO', '2020-02-10 06:01:48', '2020-02-10 06:01:48'),
(15, 'CITY PUBLIC SAFETY OFFICE', 'CPSO', '2020-02-10 06:01:48', '2020-02-10 06:01:48'),
(16, 'CIVIL SERVICE COMMISSION', 'CSC', '2020-02-10 06:01:48', '2020-02-10 06:01:48'),
(17, 'CITY SOCIAL WELFARE DEVELOPMENT OFFICE', 'CSWDO', '2020-02-10 06:01:48', '2020-02-10 06:01:48'),
(18, 'CITY TREASURY OFFICE', 'CTO', '2020-02-10 06:01:48', '2020-02-10 06:01:48'),
(19, 'CITY VICE MAYOR\'S OFFICE', 'CVM', '2020-02-10 06:01:48', '2020-02-10 06:01:48'),
(20, 'CITY AGRICULTURE\'S OFFICE', 'DA', '2020-02-10 06:01:48', '2020-02-10 06:01:48'),
(21, 'DEPARTMENT OF ENVIRONMENT AND NATURAL RESOURCES', 'DENR', '2020-02-10 06:01:48', '2020-02-10 06:01:48'),
(22, 'DEPARTMENT OF EDUCATION', 'DEPED', '2020-02-10 06:01:48', '2020-02-10 06:01:48'),
(23, 'DEPARTMENT OF THE INTERIOR AND LOCAL GOVERNMENT', 'DILG', '2020-02-10 06:01:48', '2020-02-10 06:01:48'),
(24, 'BUREAU OF FIRE PROTECTION', 'BFP', '2020-02-10 06:01:48', '2020-02-10 06:01:48'),
(25, 'GENERAL SERVICES OFFICE', 'GSO', '2020-02-10 06:01:48', '2020-02-10 06:01:48'),
(26, 'LOCAL CITY REGISTRAR\'S OFFICE', 'LCR', '2020-02-10 06:01:48', '2020-02-10 06:01:48'),
(27, 'LIGA NG BARANGAY', 'LIGA', '2020-02-10 06:01:48', '2020-02-10 06:01:48'),
(28, 'PUBLIC MARKET OFFICE', 'MARKET', '2020-02-10 06:01:48', '2020-02-10 06:01:48'),
(29, 'PAROLE & PROBATION OFFICE', 'PAROLE', '2020-02-10 06:01:48', '2020-02-10 06:01:48'),
(30, 'PHILIPPINE NATIONAL POLICE', 'PNP', '2020-02-10 06:01:48', '2020-02-10 06:01:48'),
(31, 'POST OFFICE', 'POSTOFFICE', '2020-02-10 06:01:48', '2020-02-10 06:01:48'),
(32, 'CITY VETERINARY OFFICE', 'VET', '2020-02-10 06:01:48', '2020-02-10 06:01:48');

-- --------------------------------------------------------

--
-- Table structure for table `employees`
--

CREATE TABLE `employees` (
  `id` bigint(20) UNSIGNED NOT NULL,
  `last_name` varchar(191) COLLATE utf8mb4_unicode_ci NOT NULL,
  `first_name` varchar(191) COLLATE utf8mb4_unicode_ci NOT NULL,
  `ext_name` varchar(191) COLLATE utf8mb4_unicode_ci DEFAULT NULL,
  `middle_name` varchar(191) COLLATE utf8mb4_unicode_ci DEFAULT NULL,
  `created_at` timestamp NULL DEFAULT NULL,
  `updated_at` timestamp NULL DEFAULT NULL
) ENGINE=InnoDB DEFAULT CHARSET=utf8mb4 COLLATE=utf8mb4_unicode_ci;

--
-- Dumping data for table `employees`
--

INSERT INTO `employees` (`id`, `last_name`, `first_name`, `ext_name`, `middle_name`, `created_at`, `updated_at`) VALUES
(20201, 'ACOSTA', 'JERSON', '', 'TEJAMO', '2020-02-06 00:03:31', '2020-02-06 00:03:31'),
(20202, 'ALBINA', 'JEFFREY', '', 'CATOT', '2020-02-06 00:03:31', '2020-02-06 00:03:31'),
(20203, 'ALCAZAR', 'NICHOL', '', 'TUVALLES', '2020-02-06 00:03:31', '2020-02-06 00:03:31'),
(20204, 'AMOR', 'MARY JEAN ', '', 'CADUCOY', '2020-02-06 00:03:31', '2020-02-06 00:03:31'),
(20205, 'CANOY', 'RAMIE', '', 'ALISNA', '2020-02-06 00:03:31', '2020-02-06 00:03:31'),
(20206, 'DOLALAS', 'PAMELA', '', 'GELLEGANI', '2020-02-06 00:03:31', '2020-02-06 00:03:31'),
(20207, 'DURAN', 'ALEXANDER', '', 'SAING', '2020-02-06 00:03:31', '2020-02-06 00:03:31'),
(20208, 'ESTREBELLA', 'NEJEL', '', 'LUCERO', '2020-02-06 00:03:31', '2020-02-06 00:03:31'),
(20209, 'FERRAREN', 'ALBERT', '', 'ELECTONA', '2020-02-06 00:03:31', '2020-02-06 00:03:31'),
(20210, 'LOCSIN', 'RUSELL', '', 'TAYONA', '2020-02-06 00:03:31', '2020-02-06 00:03:31'),
(20211, 'ONTAL', 'NIO', '', 'NESNIA', '2020-02-06 00:03:31', '2020-02-06 00:03:31'),
(20212, 'TIZON', 'JUDITH', '', 'MEDEZ', '2020-02-06 00:03:31', '2020-02-06 00:03:31'),
(20213, 'ABRASALDO', 'CHRISTOPHER', '', 'GUIRON', '2020-02-06 00:03:31', '2020-02-06 00:03:31'),
(20214, 'ARCON', 'FLORANTE', '', 'MARCELO', '2020-02-06 00:03:31', '2020-02-06 00:03:31'),
(20215, 'ATAY', 'SHYR', '', 'VILLAMIL', '2020-02-06 00:03:31', '2020-02-06 00:03:31'),
(20216, 'BANTILAN', 'RICHARD', '', 'GUIRITAN', '2020-02-06 00:03:31', '2020-02-06 00:03:31'),
(20217, 'BORRES', 'RAMONITO', 'JR.', 'TORRES', '2020-02-06 00:03:31', '2020-02-06 00:03:31'),
(20218, 'CABEL', 'RENATO', 'JR.', 'BISABIS', '2020-02-06 00:03:31', '2020-02-06 00:03:31'),
(20219, 'CADIAO', 'DINDO', '', 'MORADOS', '2020-02-06 00:03:31', '2020-02-06 00:03:31'),
(20220, 'CARMELOTES', 'RONILO', '', 'CASTRO', '2020-02-06 00:03:31', '2020-02-06 00:03:31'),
(20221, 'DELA ROSA', 'RUBEN', 'JR.', 'CUBA', '2020-02-06 00:03:31', '2020-02-06 00:03:31'),
(20222, 'DONASCO', 'RODOLFO', 'JR.', 'MAGBANUA', '2020-02-06 00:03:31', '2020-02-06 00:03:31'),
(20223, 'ENCABO', 'RICHARD', '', 'VILLANUEVA', '2020-02-06 00:03:31', '2020-02-06 00:03:31'),
(20224, 'GAMO', 'ROEM MELENCIO', '', 'RIVERA', '2020-02-06 00:03:31', '2020-02-06 00:03:31'),
(20225, 'GASENDO', 'IDECIL', '', 'PORTUGALEZA', '2020-02-06 00:03:31', '2020-02-06 00:03:31'),
(20226, 'GELERA', 'GERARDO', '', 'PAUSTRILLA', '2020-02-06 00:03:31', '2020-02-06 00:03:31'),
(20227, 'GELERA', 'JAIME', '', 'PAUSTRILLA', '2020-02-06 00:03:31', '2020-02-06 00:03:31'),
(20228, 'LAPE', 'RODOLFO', '', 'NEGREDO', '2020-02-06 00:03:31', '2020-02-06 00:03:31'),
(20229, 'LUCERO', 'ROBERTO', 'JR.', 'DE JUAN', '2020-02-06 00:03:31', '2020-02-06 00:03:31'),
(20230, 'MISSION', 'ALFREDO', '', 'ESCORIAL', '2020-02-06 00:03:31', '2020-02-06 00:03:31'),
(20231, 'MOLEO', 'JESSIE', '', 'PLASANNGA', '2020-02-06 00:03:31', '2020-02-06 00:03:31'),
(20232, 'OJEOS', 'TEDDY', '', 'BITO-ON', '2020-02-06 00:03:31', '2020-02-06 00:03:31'),
(20233, 'OSTIGUE', 'AMORSOLO', '', 'BARTE', '2020-02-06 00:03:31', '2020-02-06 00:03:31'),
(20234, 'PARTOSA', 'JOEMIL', '', 'ESTEPANIO', '2020-02-06 00:03:31', '2020-02-06 00:03:31'),
(20235, 'QUARTERO', 'LLOYD', '', 'ELCARTE', '2020-02-06 00:03:31', '2020-02-06 00:03:31'),
(20236, 'REPOSO', 'REGIE', '', 'DANDOY', '2020-02-06 00:03:31', '2020-02-06 00:03:31'),
(20237, 'RODRIGUEZ', 'JOSE ROMEL', '', 'PAGUNTALAN', '2020-02-06 00:03:31', '2020-02-06 00:03:31'),
(20238, 'ROMBINEZ', 'NELSON', '', 'TUMASIS', '2020-02-06 00:03:31', '2020-02-06 00:03:31'),
(20239, 'SALVA', 'NANCY', '', 'TAGANILE', '2020-02-06 00:03:31', '2020-02-06 00:03:31'),
(20240, 'SORIA ', 'NIKKA SOLIEL', '', 'TORREDA', '2020-02-06 00:03:31', '2020-02-06 00:03:31'),
(20241, 'TENTATIVA', 'GEORGE', 'JR.', 'BRILLANTES', '2020-02-06 00:03:31', '2020-02-06 00:03:31'),
(20242, 'TENTATIVA', 'JESSIE JAMES', '', 'BRILLANTES', '2020-02-06 00:03:31', '2020-02-06 00:03:31'),
(20243, 'TIGBAO', 'CLIFF WILLINS', '', 'BARTE', '2020-02-06 00:03:31', '2020-02-06 00:03:31'),
(20244, 'TOLENTIN', 'NOEL', '', 'ILAGAN', '2020-02-06 00:03:31', '2020-02-06 00:03:31'),
(20245, 'TOACAO', 'LANDRITO', '', 'SALVO', '2020-02-06 00:03:31', '2020-02-06 00:03:31'),
(20246, 'TORREDA', 'REPE', '', 'ARANDA', '2020-02-06 00:03:31', '2020-02-06 00:03:31'),
(20247, 'TUMALE', 'EDWIN', '', 'SEGOSYO', '2020-02-06 00:03:31', '2020-02-06 00:03:31'),
(20248, 'VALE', 'DANIVER', '', 'GERSAN', '2020-02-06 00:03:31', '2020-02-06 00:03:31'),
(20249, 'VENTERO', 'ROLANDO', '', 'TENIDO', '2020-02-06 00:03:31', '2020-02-06 00:03:31'),
(20250, 'ARBON', 'ADRIAN MICHELE', '', 'PINILI', '2020-02-06 00:03:31', '2020-02-06 00:03:31'),
(20251, 'CASTRO', 'RENATO', '', 'GONIDO', '2020-02-06 00:03:31', '2020-02-06 00:03:31'),
(20252, 'CONIENDO', 'CHRISTIAN KIT', '', 'MARAVILLAS', '2020-02-06 00:03:31', '2020-02-06 00:03:31'),
(20253, 'MATURAN', 'MILCYN', '', 'CATAN', '2020-02-06 00:03:31', '2020-02-06 00:03:31'),
(20254, 'SUETA', 'EMERALD', '', 'TIJING', '2020-02-06 00:03:31', '2020-02-06 00:03:31'),
(20255, 'VALOR', 'MARIA', '', 'EBRADO', '2020-02-06 00:03:31', '2020-02-06 00:03:31'),
(20256, 'VILLARETO', 'REYNALDO', '', 'MARINOG', '2020-02-06 00:03:31', '2020-02-06 00:03:31'),
(20257, 'ALINGCOMOT', 'JESSEL MARIE', '', 'BULABON', '2020-02-06 00:03:31', '2020-02-06 00:03:31'),
(20258, 'BRETAA', 'MUTYA CONCEPCION', '', 'LAHOYLAHOY', '2020-02-06 00:03:31', '2020-02-06 00:03:31'),
(20259, 'BUEN', 'RANIER', '', 'GUMAHAD', '2020-02-06 00:03:31', '2020-02-06 00:03:31'),
(20260, 'CAMARILLO', 'HOLYN FE', '', 'VILLEGAS', '2020-02-06 00:03:31', '2020-02-06 00:03:31'),
(20261, 'DANDAN', 'BIENVINIDA', '', 'SATINIAMAN', '2020-02-06 00:03:31', '2020-02-06 00:03:31'),
(20262, 'ESPARTERO', 'JUNICH', '', 'TENDERO', '2020-02-06 00:03:31', '2020-02-06 00:03:31'),
(20263, 'FERRAREN', 'EDELYN', '', 'FAUSTO', '2020-02-06 00:03:31', '2020-02-06 00:03:31'),
(20264, 'GAGA-A', 'RYAN', '', 'TRIBO', '2020-02-06 00:03:31', '2020-02-06 00:03:31'),
(20265, 'GAEDA', 'JERIC', '', 'PACAA', '2020-02-06 00:03:31', '2020-02-06 00:03:31'),
(20266, 'GARGANIAN', 'GAUDENCIO', 'II', 'DOCTO', '2020-02-06 00:03:31', '2020-02-06 00:03:31'),
(20267, 'GINO', 'RAMIL', '', 'ANES', '2020-02-06 00:03:31', '2020-02-06 00:03:31'),
(20268, 'LASPIAS', 'MEI ANN', '', 'AGUILAR', '2020-02-06 00:03:31', '2020-02-06 00:03:31'),
(20269, 'LORA', 'LEONILA', '', 'AGUILAR', '2020-02-06 00:03:31', '2020-02-06 00:03:31'),
(20270, 'MAHINAY', 'HENRY', 'SR.', 'ABRASALDO', '2020-02-06 00:03:31', '2020-02-06 00:03:31'),
(20271, 'MARTINEZ', 'KEVIN CLYDE', '', 'SIACOR', '2020-02-06 00:03:31', '2020-02-06 00:03:31'),
(20272, 'MONTAO', 'DENNIS', '', 'GELLEGANI', '2020-02-06 00:03:31', '2020-02-06 00:03:31'),
(20273, 'OBLINO', 'AGNES', '', 'TERANIA', '2020-02-06 00:03:31', '2020-02-06 00:03:31'),
(20274, 'PADILLA', 'FREDERICK', '', 'VILLALUZ', '2020-02-06 00:03:31', '2020-02-06 00:03:31'),
(20275, 'PATRIMONIO', 'TRIXIA MAE', '', 'VENDIOLA', '2020-02-06 00:03:31', '2020-02-06 00:03:31'),
(20276, 'PEROL', 'ANVELYN', '', 'MAYAGMA', '2020-02-06 00:03:31', '2020-02-06 00:03:31'),
(20277, 'VILLARTA', 'EDUARDO', 'JR.', 'TANGCAY', '2020-02-06 00:03:31', '2020-02-06 00:03:31'),
(20278, 'YANSON', 'OLIVE THERESA MAE', '', 'ORACION', '2020-02-06 00:03:31', '2020-02-06 00:03:31'),
(20279, 'YAP', 'DEEVI COREN', '', 'SABERON', '2020-02-06 00:03:31', '2020-02-06 00:03:31'),
(20280, 'ABRASALDO', 'JOESITA', '', 'VICOY', '2020-02-06 00:03:31', '2020-02-06 00:03:31'),
(20281, 'PATAJO', 'ANDREI GLEVE', '', 'TUAZON', '2020-02-06 00:03:31', '2020-02-06 00:03:31'),
(20282, 'SARINO', 'DAVE', '', 'OBANG', '2020-02-06 00:03:31', '2020-02-06 00:03:31'),
(20283, 'TALLEDO', 'RAZEL', '', 'TERANIA', '2020-02-06 00:03:31', '2020-02-06 00:03:31'),
(20284, 'TENEFRANCIA ', 'CLYDE', '', 'VALDE', '2020-02-06 00:03:31', '2020-02-06 00:03:31'),
(20285, 'TIJING ', 'MARIO ECHELON ED', '', 'ROSADO', '2020-02-06 00:03:31', '2020-02-06 00:03:31'),
(20286, 'QUIANOLA', 'TITUS', '', 'VILLAMIL', '2020-02-06 00:03:31', '2020-02-06 00:03:31'),
(20287, 'SALINAS', 'ANGELA', '', 'GERONIANO', '2020-02-06 00:03:31', '2020-02-06 00:03:31'),
(20288, 'ABAYON', 'ANDY', '', 'GALON', '2020-02-06 00:03:31', '2020-02-06 00:03:31'),
(20289, 'ALCAZAR', 'MARIO DHARDY', '', 'JORDAN', '2020-02-06 00:03:31', '2020-02-06 00:03:31'),
(20290, 'BANOGON', 'ROLANDO', '', 'DUMAT-OL', '2020-02-06 00:03:31', '2020-02-06 00:03:31'),
(20291, 'BAYOGUIA', 'MARLON', '', 'PIALAGO', '2020-02-06 00:03:31', '2020-02-06 00:03:31'),
(20292, 'CHIONG', 'ROBERT ROBINSON', '', 'BARROCA', '2020-02-06 00:03:31', '2020-02-06 00:03:31'),
(20293, 'CLAVERO', 'JOSELITO', '', 'BETITA', '2020-02-06 00:03:31', '2020-02-06 00:03:31'),
(20294, 'CONIENDO', 'JULIUS', '', 'TABUENA', '2020-02-06 00:03:31', '2020-02-06 00:03:31'),
(20295, 'DELA CRUZ', 'GIL RHOY', '', 'ARGUELLES', '2020-02-06 00:03:31', '2020-02-06 00:03:31'),
(20296, 'DEVELOS', 'DOMINIC', '', 'ARENOS', '2020-02-06 00:03:31', '2020-02-06 00:03:31'),
(20297, 'DUHAYLUNGSOD', 'GERARD GERRY', '', 'ARBON', '2020-02-06 00:03:31', '2020-02-06 00:03:31'),
(20298, 'EMPINADO', 'DANILO', '', 'DEMETRIA', '2020-02-06 00:03:31', '2020-02-06 00:03:31'),
(20299, 'ESTORCO', 'JOSE BEBSY', '', 'BELOY', '2020-02-06 00:03:31', '2020-02-06 00:03:31'),
(20300, 'ESTREBELLA', 'NOEL', '', 'LUCERO', '2020-02-06 00:03:31', '2020-02-06 00:03:31'),
(20301, 'FERIL', 'ROMULO', 'JR.', 'BORJA', '2020-02-06 00:03:31', '2020-02-06 00:03:31'),
(20302, 'FRANCISO', 'MARIA LOURDES', '', 'GONZAGA', '2020-02-06 00:03:31', '2020-02-06 00:03:31'),
(20303, 'GALIDO', 'ESPERIDION', '', 'SALDE', '2020-02-06 00:03:31', '2020-02-06 00:03:31'),
(20304, 'GOTLADERA', 'GREMAR', '', 'YEE', '2020-02-06 00:03:31', '2020-02-06 00:03:31'),
(20305, 'LOCSIN', 'EDGARDO', '', 'GUIRON', '2020-02-06 00:03:31', '2020-02-06 00:03:31'),
(20306, 'MAAGO', 'RONALDO', '', 'SUGANOB', '2020-02-06 00:03:31', '2020-02-06 00:03:31'),
(20307, 'NATAK', 'JOWIE', '', 'JAMIE', '2020-02-06 00:03:31', '2020-02-06 00:03:31'),
(20308, 'NAVARRO', 'ALFE', '', 'VALOR', '2020-02-06 00:03:31', '2020-02-06 00:03:31'),
(20309, 'NORICO', 'WAYNE', '', 'MAQUILAN', '2020-02-06 00:03:31', '2020-02-06 00:03:31'),
(20310, 'OLMOGUEZ', 'ENRIDE', '', 'VISAGAS', '2020-02-06 00:03:31', '2020-02-06 00:03:31'),
(20311, 'PANCHO', 'JOHN WINSTON', '', 'GAYOMA', '2020-02-06 00:03:31', '2020-02-06 00:03:31'),
(20312, 'PEBIDA', 'RENE', '', 'PONCE', '2020-02-06 00:03:31', '2020-02-06 00:03:31'),
(20313, 'QUARTERO', 'ARMIN', '', 'ACUESTA', '2020-02-06 00:03:31', '2020-02-06 00:03:31'),
(20314, 'QUIANZO', 'MARIA ANGELICA', '', 'AWAYAN', '2020-02-06 00:03:31', '2020-02-06 00:03:31'),
(20315, 'QUINIQUITO', 'JESTER', '', 'VISON', '2020-02-06 00:03:31', '2020-02-06 00:03:31'),
(20316, 'REYES', 'JOSE ZALDY', '', 'PACULANANG', '2020-02-06 00:03:31', '2020-02-06 00:03:31'),
(20317, 'SABIDONG', 'AILEEN', '', 'BERNUS', '2020-02-06 00:03:31', '2020-02-06 00:03:31'),
(20318, 'SUEP', 'NORBERTO', '', 'GARGOLES', '2020-02-06 00:03:31', '2020-02-06 00:03:31'),
(20319, 'SUMUGAT', 'THESSA AMOR', '', 'TONDO', '2020-02-06 00:03:31', '2020-02-06 00:03:31'),
(20320, 'TALDE', 'ROBERT', '', 'CASTILLO', '2020-02-06 00:03:31', '2020-02-06 00:03:31'),
(20321, 'TIGMO', 'GUILLERMO', 'JR.', 'ALMAQUIN', '2020-02-06 00:03:31', '2020-02-06 00:03:31'),
(20322, 'TIMOTEO', 'ALBERTO', '', 'GARCIA', '2020-02-06 00:03:31', '2020-02-06 00:03:31'),
(20323, 'TRUMATA', 'SYDNEY BLAKE', '', '', '2020-02-06 00:03:31', '2020-02-06 00:03:31'),
(20324, 'TUPINO', 'RONALD', '', 'JABAYJABAY', '2020-02-06 00:03:31', '2020-02-06 00:03:31'),
(20325, 'TURCO', 'JAME', '', 'AMBOYON', '2020-02-06 00:03:31', '2020-02-06 00:03:31'),
(20326, 'VALOR', 'ALBERT', '', 'TORREQUIMADA', '2020-02-06 00:03:31', '2020-02-06 00:03:31'),
(20327, 'VALOR', 'RUSTICO', '', 'LUYAS', '2020-02-06 00:03:31', '2020-02-06 00:03:31'),
(20328, 'VERGARA', 'LEIZEL', '', 'VILLAMIL', '2020-02-06 00:03:31', '2020-02-06 00:03:31'),
(20329, 'VIAJE', 'FORTUNATO', '', 'AMADO', '2020-02-06 00:03:31', '2020-02-06 00:03:31'),
(20330, 'VILLAMIL', 'GHLENN', '', 'JOCSON', '2020-02-06 00:03:31', '2020-02-06 00:03:31'),
(20331, 'TIJING', 'ARCHIE LEONID', '', 'TAYONA', '2020-02-06 00:03:31', '2020-02-06 00:03:31'),
(20332, 'GIDAYA', 'MARISSA', '', 'GABLINES', '2020-02-06 00:03:31', '2020-02-06 00:03:31'),
(20333, 'BELONGHILOT', 'MIRASOL', '', 'LAZAGA', '2020-02-06 00:03:31', '2020-02-06 00:03:31'),
(20334, 'CALINGACION', 'NEZEL', '', 'RENDON', '2020-02-06 00:03:31', '2020-02-06 00:03:31'),
(20335, 'VELEZ', 'YUCEL', '', 'BELLERA', '2020-02-06 00:03:31', '2020-02-06 00:03:31'),
(20336, 'BERONIO', 'VECENTE', '', 'MULLUN', '2020-02-06 00:03:31', '2020-02-06 00:03:31'),
(20337, 'CORDOVA', 'REY', '', 'VILLANUEVA', '2020-02-06 00:03:31', '2020-02-06 00:03:31'),
(20338, 'DUKA', 'JUDITH', '', 'TOLEDO', '2020-02-06 00:03:31', '2020-02-06 00:03:31'),
(20339, 'RENDON', 'VILMA', '', 'GERIAN', '2020-02-06 00:03:31', '2020-02-06 00:03:31'),
(20340, 'TALEON', 'GALILEO', '', 'TORRED', '2020-02-06 00:03:31', '2020-02-06 00:03:31'),
(20341, 'ABRAHAM', 'EDUARDO', '', 'DIONELA', '2020-02-06 00:03:31', '2020-02-06 00:03:31'),
(20342, 'BULISIG', 'EDGAR', 'SR.', 'MENDOZA', '2020-02-06 00:03:31', '2020-02-06 00:03:31'),
(20343, 'CARBO', 'RASMER', '', 'QUINDO', '2020-02-06 00:03:31', '2020-02-06 00:03:31'),
(20344, 'FRANCO', 'JUDITH', '', 'VILLANUEVA', '2020-02-06 00:03:31', '2020-02-06 00:03:31'),
(20345, 'GECONCILLO', 'RUBILYN', '', 'BENIGAY', '2020-02-06 00:03:31', '2020-02-06 00:03:31'),
(20346, 'JARDINIANO', 'IRISH', '', 'ROLDAN', '2020-02-06 00:03:31', '2020-02-06 00:03:31'),
(20347, 'LASPIAS', 'ROEL', '', 'DELOS SANTOS', '2020-02-06 00:03:31', '2020-02-06 00:03:31'),
(20348, 'MIRAFLOR', 'LORELIE', '', 'TERRENAL', '2020-02-06 00:03:31', '2020-02-06 00:03:31'),
(20349, 'PAEL', 'ANITA', '', 'GONZALES', '2020-02-06 00:03:31', '2020-02-06 00:03:31'),
(20350, 'QUINDO', 'MARIA STELLA GERALYN', '', 'ABRASALDO', '2020-02-06 00:03:31', '2020-02-06 00:03:31'),
(20351, 'TENAN', 'WILMA', '', 'TUBESA', '2020-02-06 00:03:31', '2020-02-06 00:03:31'),
(20352, 'TUALE', 'ROGER', '', 'CADAYDAY', '2020-02-06 00:03:31', '2020-02-06 00:03:31'),
(20353, 'TUBLE', 'RAYMUNDO', '', 'FRANCISCO', '2020-02-06 00:03:31', '2020-02-06 00:03:31'),
(20354, 'VILLANUEVA', 'MILA', '', 'DELVO', '2020-02-06 00:03:31', '2020-02-06 00:03:31'),
(20355, 'AGUILAR', 'LYANADA FEIAM', '', 'FALDAS', '2020-02-06 00:03:31', '2020-02-06 00:03:31'),
(20356, 'BELINGAN', 'JOHANNE MAE', '', 'BITO-ON', '2020-02-06 00:03:31', '2020-02-06 00:03:31'),
(20357, 'BORRIS', 'CAREN', '', 'SIACOR', '2020-02-06 00:03:31', '2020-02-06 00:03:31'),
(20358, 'DAGODOG', 'IVY', '', 'DOLATRE', '2020-02-06 00:03:31', '2020-02-06 00:03:31'),
(20359, 'FERIL', 'SHERWIN', '', 'TEVES', '2020-02-06 00:03:31', '2020-02-06 00:03:31'),
(20360, 'GRACIADAS', 'RHONA LEE', '', 'ABRASALDO', '2020-02-06 00:03:31', '2020-02-06 00:03:31'),
(20361, 'HIBIONADA', 'JOAN', '', 'TIZON', '2020-02-06 00:03:31', '2020-02-06 00:03:31'),
(20362, 'INDAB', 'RESRAN BLAIR', '', 'TERANIA', '2020-02-06 00:03:31', '2020-02-06 00:03:31'),
(20363, 'JORDAN', 'JOANNE OWENA', '', 'INFANTE', '2020-02-06 00:03:31', '2020-02-06 00:03:31'),
(20364, 'LACSON', 'RONA', '', 'DELA CRUZ', '2020-02-06 00:03:31', '2020-02-06 00:03:31'),
(20365, 'MELENDRES', 'RHUEL', '', 'CASTILLO', '2020-02-06 00:03:31', '2020-02-06 00:03:31'),
(20366, 'MORILLO', 'ELGEN', '', 'LINDAYAO', '2020-02-06 00:03:31', '2020-02-06 00:03:31'),
(20367, 'NALAM', 'CHRISTINE', '', 'MARQUEZ', '2020-02-06 00:03:31', '2020-02-06 00:03:31'),
(20368, 'PACAA', 'APRIL MARIE', '', 'BITO-ON', '2020-02-06 00:03:31', '2020-02-06 00:03:31'),
(20369, 'ROSADO', 'JOSECHO', 'III', 'KILAP-KILAP', '2020-02-06 00:03:31', '2020-02-06 00:03:31'),
(20370, 'TOMIAS', 'LEA', '', 'TUBLE', '2020-02-06 00:03:31', '2020-02-06 00:03:31'),
(20371, 'TORRED', 'DORIS GAY', '', 'SUMALPONG', '2020-02-06 00:03:31', '2020-02-06 00:03:31'),
(20372, 'VENDIOLA', 'MIRASOL', '', 'ANION', '2020-02-06 00:03:31', '2020-02-06 00:03:31'),
(20373, 'ALBINA', 'LEIZL', '', 'CAYANG', '2020-02-06 00:03:31', '2020-02-06 00:03:31'),
(20374, 'ALVARAN', 'FAITH', '', 'QUINDO', '2020-02-06 00:03:31', '2020-02-06 00:03:31'),
(20375, 'ANTONIO', 'LEOSAM', '', 'AMBAGAN', '2020-02-06 00:03:31', '2020-02-06 00:03:31'),
(20376, 'DUHAYLUNGSOD', 'VICTORIA', '', 'ENTAC', '2020-02-06 00:03:31', '2020-02-06 00:03:31'),
(20377, 'LINIHAN', 'MERRY GAIL', '', 'PIEDA', '2020-02-06 00:03:31', '2020-02-06 00:03:31'),
(20378, 'TUMLAD', 'WENDA', '', 'BOTONES', '2020-02-06 00:03:31', '2020-02-06 00:03:31'),
(20379, 'VILLANUEVA', 'JINKY', '', 'VELASCO', '2020-02-06 00:03:31', '2020-02-06 00:03:31'),
(20380, 'ABAYON', 'RICKY', '', 'GALON', '2020-02-06 00:03:31', '2020-02-06 00:03:31'),
(20381, 'ALSON', 'ROLLY', 'JR.', 'HISONA', '2020-02-06 00:03:31', '2020-02-06 00:03:31'),
(20382, 'AGUIRRE', 'MARK NOEL', '', 'LAMIG', '2020-02-06 00:03:31', '2020-02-06 00:03:31'),
(20383, 'AMAMAG-ID', 'ARELIANO', '', 'BAYNO', '2020-02-06 00:03:31', '2020-02-06 00:03:31'),
(20384, 'ARBON', 'ALLAIN MICHAEL', '', 'PINILI', '2020-02-06 00:03:31', '2020-02-06 00:03:31'),
(20385, 'ATIENZA ', 'ALVIN', '', 'GARGANIAN', '2020-02-06 00:03:31', '2020-02-06 00:03:31'),
(20386, 'ATIENZA ', 'MARGARITO', '', 'DUMAGAT', '2020-02-06 00:03:31', '2020-02-06 00:03:31'),
(20387, 'BALDEVARONA', 'ROLANDO', '', 'GALAN', '2020-02-06 00:03:31', '2020-02-06 00:03:31'),
(20388, 'BANDOJO', 'GERLYN', '', 'LABORTE', '2020-02-06 00:03:31', '2020-02-06 00:03:31'),
(20389, 'BASILIO', 'ROSE JEAN', '', 'LIZADA', '2020-02-06 00:03:31', '2020-02-06 00:03:31'),
(20390, 'BELLERA', 'DELIA', '', 'MANZO', '2020-02-06 00:03:31', '2020-02-06 00:03:31'),
(20391, 'BOLADOLA', 'CHERIE MAE', '', 'CIMARA', '2020-02-06 00:03:31', '2020-02-06 00:03:31'),
(20392, 'CANTO', 'LUBEN', '', 'CASIPE', '2020-02-06 00:03:31', '2020-02-06 00:03:31'),
(20393, 'CARAMPATANA', 'MARIFEL', '', 'FERANIEL', '2020-02-06 00:03:31', '2020-02-06 00:03:31'),
(20394, 'CARTISIANO', 'DEOMEDES', '', 'MATA', '2020-02-06 00:03:31', '2020-02-06 00:03:31'),
(20395, 'CATALAN', 'JOSEPH', '', 'TUGADO', '2020-02-06 00:03:31', '2020-02-06 00:03:31'),
(20396, 'DIANSON', 'ERWIN', '', 'GENOVA', '2020-02-06 00:03:31', '2020-02-06 00:03:31'),
(20397, 'DONAN', 'RICARDO', '', 'MATA', '2020-02-06 00:03:31', '2020-02-06 00:03:31'),
(20398, 'EGANG', 'ROSEMARY', '', 'SOL', '2020-02-06 00:03:31', '2020-02-06 00:03:31'),
(20399, 'GABUYA', 'IMELDA', '', 'TUBONGBANUA', '2020-02-06 00:03:31', '2020-02-06 00:03:31'),
(20400, 'GAREZA', 'MA. GINA', '', 'SAPA-OL', '2020-02-06 00:03:31', '2020-02-06 00:03:31'),
(20401, 'GUIRON', 'RANDY', '', 'ALPORO', '2020-02-06 00:03:31', '2020-02-06 00:03:31'),
(20402, 'HORTEZUELA', 'ALVIN', '', 'CALORING', '2020-02-06 00:03:31', '2020-02-06 00:03:31'),
(20403, 'JALBUNA', 'FRANCISCO', '', 'IBAEZ', '2020-02-06 00:03:31', '2020-02-06 00:03:31'),
(20404, 'LECIRA', 'ROGELIO', '', 'CATADA', '2020-02-06 00:03:31', '2020-02-06 00:03:31'),
(20405, 'MEDINA', 'SHALOME', '', 'MENDOZA', '2020-02-06 00:03:31', '2020-02-06 00:03:31'),
(20406, 'OJASTRO', 'JONELYN', '', 'GALAN', '2020-02-06 00:03:31', '2020-02-06 00:03:31'),
(20407, 'RUSIANA', 'RONALDO', '', 'TORRES', '2020-02-06 00:03:31', '2020-02-06 00:03:31'),
(20408, 'SALA', 'LIWAYWAY', '', 'JAMANDRON', '2020-02-06 00:03:31', '2020-02-06 00:03:31'),
(20409, 'SAMILLANO', 'CATHERINE', '', 'GUTOS', '2020-02-06 00:03:31', '2020-02-06 00:03:31'),
(20410, 'TABORADA', 'ELENA', '', 'ANGGAY', '2020-02-06 00:03:31', '2020-02-06 00:03:31'),
(20411, 'TAMPIOC', 'JOHN JIGGER', '', 'GADIANE', '2020-02-06 00:03:31', '2020-02-06 00:03:31'),
(20412, 'TEOLOGIO', 'GEMIMA', '', 'TAMPIOC', '2020-02-06 00:03:31', '2020-02-06 00:03:31'),
(20413, 'YAESO', 'FRANCISCO', '', 'SAME', '2020-02-06 00:03:31', '2020-02-06 00:03:31'),
(20414, 'AWAS', 'ABUNDIO', 'JR.', 'PAREDES', '2020-02-06 00:03:31', '2020-02-06 00:03:31'),
(20415, 'BAGARINAO', 'TITA', '', 'MANIGOS', '2020-02-06 00:03:31', '2020-02-06 00:03:31'),
(20416, 'BISABIS', 'RAUL', '', 'ZAMORA', '2020-02-06 00:03:31', '2020-02-06 00:03:31'),
(20417, 'BOLLOS', 'MONICO GALEN', 'JR.', 'EGE', '2020-02-06 00:03:31', '2020-02-06 00:03:31'),
(20418, 'BOLTIADOR', 'GEOFREY', '', 'VICOY', '2020-02-06 00:03:31', '2020-02-06 00:03:31'),
(20419, 'DELA CRUZ', 'CARLITO', '', 'DE LA VIDA', '2020-02-06 00:03:31', '2020-02-06 00:03:31'),
(20420, 'EGANG', 'MARIA FLORA', '', 'CANDA', '2020-02-06 00:03:31', '2020-02-06 00:03:31'),
(20421, 'EMPERADO', 'NARDITO', '', 'SORENTO', '2020-02-06 00:03:31', '2020-02-06 00:03:31'),
(20422, 'FERIL', 'ROMEL', '', 'BORJA', '2020-02-06 00:03:31', '2020-02-06 00:03:31'),
(20423, 'HOBRO', 'REBECCA', '', 'LAGDAMIN', '2020-02-06 00:03:31', '2020-02-06 00:03:31'),
(20424, 'JAMIN', 'RENIE', '', 'REFUGIO', '2020-02-06 00:03:31', '2020-02-06 00:03:31'),
(20425, 'MARCELINO', 'JOEL', '', 'BIAS', '2020-02-06 00:03:31', '2020-02-06 00:03:31'),
(20426, 'OLORES', 'LEONARDO', '', 'MISSION', '2020-02-06 00:03:31', '2020-02-06 00:03:31'),
(20427, 'OMOYON', 'ELIZABETH', '', 'LUYAS', '2020-02-06 00:03:31', '2020-02-06 00:03:31'),
(20428, 'PALMA', 'JUANITA', '', 'AMARO', '2020-02-06 00:03:31', '2020-02-06 00:03:31'),
(20429, 'PASCO', 'LUCY', '', 'PINANONANG', '2020-02-06 00:03:31', '2020-02-06 00:03:31'),
(20430, 'PATANAO', 'HERMINIO', 'JR.', 'ABUNDIO', '2020-02-06 00:03:31', '2020-02-06 00:03:31'),
(20431, 'PORLAS', 'SANTIAGO', '', 'ESCRIBANO', '2020-02-06 00:03:31', '2020-02-06 00:03:31'),
(20432, 'PRAC', 'DEDITO', '', 'ENTIA', '2020-02-06 00:03:31', '2020-02-06 00:03:31'),
(20433, 'QUIO', 'DAISY', '', 'DOLATRE', '2020-02-06 00:03:31', '2020-02-06 00:03:31'),
(20434, 'RENDON', 'JERRY', '', 'CALIDBO', '2020-02-06 00:03:31', '2020-02-06 00:03:31'),
(20435, 'SARAA', 'BRENDO', '', 'FRANCISCO', '2020-02-06 00:03:31', '2020-02-06 00:03:31'),
(20436, 'VALOR', 'JOVELYN', '', 'VALDEVIESO', '2020-02-06 00:03:31', '2020-02-06 00:03:31'),
(20437, 'ADANZA', 'OLIVER', '', 'NAVARRA', '2020-02-06 00:03:31', '2020-02-06 00:03:31'),
(20438, 'AMOR', 'THOMAS', '', 'AQUINO', '2020-02-06 00:03:31', '2020-02-06 00:03:31'),
(20439, 'BEJASA', 'JOAQUIN', 'JR.', 'MIRANDA', '2020-02-06 00:03:31', '2020-02-06 00:03:31'),
(20440, 'BELOCURA ', 'ALEJANDRO', '', 'MORTIZ', '2020-02-06 00:03:31', '2020-02-06 00:03:31'),
(20441, 'BENCALO', 'PAUL MARTIN', '', 'AFRICANO', '2020-02-06 00:03:31', '2020-02-06 00:03:31'),
(20442, 'BENCALO', 'PRUTO', 'JR.', 'AFRICANO', '2020-02-06 00:03:31', '2020-02-06 00:03:31'),
(20443, 'BITO-ON', 'PAUL MARTIN', '', 'VILLACAMPA', '2020-02-06 00:03:31', '2020-02-06 00:03:31'),
(20444, 'CAMPOS', 'SERVANDO', '', 'BLANCO', '2020-02-06 00:03:31', '2020-02-06 00:03:31'),
(20445, 'CRISOSTOMO', 'LORE', '', 'LACOSTALES', '2020-02-06 00:03:31', '2020-02-06 00:03:31'),
(20446, 'CUBID', 'NELVIE', '', 'LIZADA', '2020-02-06 00:03:31', '2020-02-06 00:03:31'),
(20447, 'CUENCA', 'FEIRWIND', '', 'SUMALPONG', '2020-02-06 00:03:31', '2020-02-06 00:03:31'),
(20448, 'DELOS REYES', 'JEFFRY', '', 'PANALIGAN', '2020-02-06 00:03:31', '2020-02-06 00:03:31'),
(20449, 'DINAPO', 'NOELITO', '', 'TORRES', '2020-02-06 00:03:31', '2020-02-06 00:03:31'),
(20450, 'DUKA', 'EUGENE', '', 'PAJULAS', '2020-02-06 00:03:31', '2020-02-06 00:03:31'),
(20451, 'INDINO', 'ALFREDO', '', 'BAYAWA', '2020-02-06 00:03:31', '2020-02-06 00:03:31'),
(20452, 'LAZARTE', 'IGNACIO', '', 'TUBILAG', '2020-02-06 00:03:31', '2020-02-06 00:03:31'),
(20453, 'MANATAD', 'IVY', '', 'TENEFRANCIA', '2020-02-06 00:03:31', '2020-02-06 00:03:31'),
(20454, 'MORTILLERO', 'MAYO', '', 'BARTE', '2020-02-06 00:03:31', '2020-02-06 00:03:31'),
(20455, 'NICOLAS', 'DIORLAN', '', 'JAMANDRON', '2020-02-06 00:03:31', '2020-02-06 00:03:31'),
(20456, 'PAALISBO', 'VIRGELIO', '', 'TORRES', '2020-02-06 00:03:31', '2020-02-06 00:03:31'),
(20457, 'QUIJANO', 'CECILIO', '', 'PACAA', '2020-02-06 00:03:31', '2020-02-06 00:03:31'),
(20458, 'RAGADA', 'PAULINE', '', 'YGUINTO', '2020-02-06 00:03:31', '2020-02-06 00:03:31'),
(20459, 'TORALDE', 'BUENSOCESO', 'JR.', 'TOMAROY', '2020-02-06 00:03:31', '2020-02-06 00:03:31'),
(20460, 'VERGARA', 'JENUS', '', 'TRAYVILLA', '2020-02-06 00:03:31', '2020-02-06 00:03:31'),
(20461, 'YANSON', 'ADONES', '', 'POLINAR', '2020-02-06 00:03:31', '2020-02-06 00:03:31'),
(20462, 'ALCANTARA', 'LIDO AXEL', '', 'QUINDO', '2020-02-06 00:03:31', '2020-02-06 00:03:31'),
(20463, 'BASILISCO', 'VANESSA', '', 'SILAYAN', '2020-02-06 00:03:31', '2020-02-06 00:03:31'),
(20464, 'CATUBIG', 'FARLEY', '', 'LAGRADILLA', '2020-02-06 00:03:31', '2020-02-06 00:03:31'),
(20465, 'DE LA CRUZ', 'MONICA', '', 'MISSION', '2020-02-06 00:03:31', '2020-02-06 00:03:31'),
(20466, 'DUHAYLUNGSOD', 'MARLON', '', 'ARBON', '2020-02-06 00:03:31', '2020-02-06 00:03:31'),
(20467, 'ILAGAN', 'GERARDO', 'JR.', 'ABRASALDO', '2020-02-06 00:03:31', '2020-02-06 00:03:31'),
(20468, 'LUZON', 'BERNABE', 'JR.', 'QUINAMOT', '2020-02-06 00:03:31', '2020-02-06 00:03:31'),
(20469, 'MARAPAO', 'DONALD', '', 'MAGSIPOC', '2020-02-06 00:03:31', '2020-02-06 00:03:31'),
(20470, 'OMBOY', 'JONATHAN', '', 'ENCIO', '2020-02-06 00:03:31', '2020-02-06 00:03:31'),
(20471, 'QUINDO', 'PACIFICO', 'III', 'VILLAMIL', '2020-02-06 00:03:31', '2020-02-06 00:03:31'),
(20472, 'SARDOVIA', 'MARIO', '', 'SUMALPONG', '2020-02-06 00:03:31', '2020-02-06 00:03:31'),
(20473, 'SUMALPONG', 'MARK', '', 'ABALOS', '2020-02-06 00:03:31', '2020-02-06 00:03:31'),
(20474, 'TONOGBANUA', 'HONEY LYN', '', 'QUINDO', '2020-02-06 00:03:31', '2020-02-06 00:03:31'),
(20475, 'SILOT', 'LILIA', '', 'ORIENDO', '2020-02-06 00:03:31', '2020-02-06 00:03:31'),
(20476, 'TIGBAO', 'BON BILLY', '', 'BARTE', '2020-02-06 00:03:31', '2020-02-06 00:03:31'),
(20477, 'DELOS SANTOS', 'LEONARDO', '', 'IWAYAN', '2020-02-06 00:03:31', '2020-02-06 00:03:31'),
(20478, 'DUMAT-OL', 'OSCAR', '', 'ANTIMADO', '2020-02-06 00:03:31', '2020-02-06 00:03:31'),
(20479, 'FERANIEL', 'CHENELEEN', '', 'ACABAL', '2020-02-06 00:03:31', '2020-02-06 00:03:31'),
(20480, 'MAPUTI', 'MERLYN', '', 'GARGAR', '2020-02-06 00:03:31', '2020-02-06 00:03:31'),
(20481, 'RODRIGUEZ', 'ARIEL', 'SR.', 'SAAVIDRA', '2020-02-06 00:03:31', '2020-02-06 00:03:31'),
(20482, 'SARAA', 'RENANTE', '', 'FRANCISCO', '2020-02-06 00:03:31', '2020-02-06 00:03:31'),
(20483, 'TEJERO', 'RICKY', '', 'LUMAYAG', '2020-02-06 00:03:31', '2020-02-06 00:03:31'),
(20484, 'TIJING', 'BRYAN RAUL', '', 'TORREDA', '2020-02-06 00:03:31', '2020-02-06 00:03:31'),
(20485, 'TUBESA', 'HENRY', '', 'TORREDA', '2020-02-06 00:03:31', '2020-02-06 00:03:31'),
(20486, 'BAYOGUIA', 'MELVIC', '', 'ELNAR', '2020-02-06 00:03:31', '2020-02-06 00:03:31'),
(20487, 'FLORES', 'BENJAMIN ARSENIO', '', 'TORREDA', '2020-02-06 00:03:31', '2020-02-06 00:03:31'),
(20488, 'HERRERO', 'ERIC', '', 'ROSAL', '2020-02-06 00:03:31', '2020-02-06 00:03:31'),
(20489, 'JAMIN', 'DON JOHN', '', 'MUAA', '2020-02-06 00:03:31', '2020-02-06 00:03:31'),
(20490, 'JUAREZ', 'ROGELIO', '', 'ESAHED', '2020-02-06 00:03:31', '2020-02-06 00:03:31'),
(20491, 'SILVA', 'EDWIN', '', 'RAFALES', '2020-02-06 00:03:31', '2020-02-06 00:03:31'),
(20492, 'VALOR', 'MAMERTO', '', 'QUIANZO', '2020-02-06 00:03:31', '2020-02-06 00:03:31'),
(20493, 'CABARON', 'CAROLYN', '', 'SINGCO', '2020-02-06 00:03:31', '2020-02-06 00:03:31'),
(20494, 'FERIL', 'RANDOLF', '', 'TORREFRANCA', '2020-02-06 00:03:31', '2020-02-06 00:03:31'),
(20495, 'GERSAN', 'CONTEZA', '', 'TONOGBANUA', '2020-02-06 00:03:31', '2020-02-06 00:03:31'),
(20496, 'NARCISO', 'JOHNNY', '', 'SALES', '2020-02-06 00:03:31', '2020-02-06 00:03:31'),
(20497, 'TORREDA', 'FELITO', '', 'ARMENIA', '2020-02-06 00:03:31', '2020-02-06 00:03:31'),
(20498, 'PINANONANG', 'DIXIE', '', 'VILLAMIL', '2020-02-06 00:03:31', '2020-02-06 00:03:31'),
(20499, 'RABANES', 'MARIA CRISTY', '', 'SALDOGA', '2020-02-06 00:03:31', '2020-02-06 00:03:31'),
(20500, 'RABANES', 'RONILO', '', 'TUVALLES', '2020-02-06 00:03:31', '2020-02-06 00:03:31'),
(20501, 'PAO', 'CESAR', 'SR.', 'BENTERO', '2020-02-06 00:03:31', '2020-02-06 00:03:31'),
(20502, 'LOJERA', 'MA. ANGELES LOURES ', '', 'RICONALLA', '2020-02-06 00:03:31', '2020-02-06 00:03:31'),
(20503, 'SAJULLA', 'ETHEL', '', 'BALUCAN', '2020-02-06 00:03:31', '2020-02-06 00:03:31'),
(20504, 'JARDINIANO', 'CHARINA MAY', '', 'TIJING', '2020-02-06 00:03:31', '2020-02-06 00:03:31'),
(20505, 'MONGCAL', 'MARY ANN', '', 'CERIALES', '2020-02-06 00:03:31', '2020-02-06 00:03:31'),
(20506, 'ARBON', 'ALWYNN', '', 'PINILI', '2020-02-06 00:03:31', '2020-02-06 00:03:31'),
(20507, 'CAROPE', 'MARICHEL', '', 'MILLAN', '2020-02-06 00:03:31', '2020-02-06 00:03:31'),
(20508, 'CASELA', 'NERISSA', '', 'TRAYVILLA', '2020-02-06 00:03:31', '2020-02-06 00:03:31'),
(20509, 'INGAN', 'MARCELINO', '', 'MORADOS', '2020-02-06 00:03:31', '2020-02-06 00:03:31'),
(20510, 'CADAPAN', 'JENNIFER', '', 'MARTIN', '2020-02-06 00:03:31', '2020-02-06 00:03:31'),
(20511, 'JAMANDRON', 'ARVIN', '', 'LUBRICO', '2020-02-06 00:03:31', '2020-02-06 00:03:31');

-- --------------------------------------------------------

--
-- Table structure for table `failed_jobs`
--

CREATE TABLE `failed_jobs` (
  `id` bigint(20) UNSIGNED NOT NULL,
  `connection` text COLLATE utf8mb4_unicode_ci NOT NULL,
  `queue` text COLLATE utf8mb4_unicode_ci NOT NULL,
  `payload` longtext COLLATE utf8mb4_unicode_ci NOT NULL,
  `exception` longtext COLLATE utf8mb4_unicode_ci NOT NULL,
  `failed_at` timestamp NOT NULL DEFAULT CURRENT_TIMESTAMP
) ENGINE=InnoDB DEFAULT CHARSET=utf8mb4 COLLATE=utf8mb4_unicode_ci;

-- --------------------------------------------------------

--
-- Table structure for table `functions`
--

CREATE TABLE `functions` (
  `id` bigint(20) UNSIGNED NOT NULL,
  `position_id` bigint(20) UNSIGNED NOT NULL,
  `name` varchar(191) COLLATE utf8mb4_unicode_ci NOT NULL,
  `level` int(11) NOT NULL,
  `category` varchar(191) COLLATE utf8mb4_unicode_ci NOT NULL,
  `sg` int(11) NOT NULL,
  `created_at` timestamp NULL DEFAULT NULL,
  `updated_at` timestamp NULL DEFAULT NULL
) ENGINE=InnoDB DEFAULT CHARSET=utf8mb4 COLLATE=utf8mb4_unicode_ci;

-- --------------------------------------------------------

--
-- Table structure for table `migrations`
--

CREATE TABLE `migrations` (
  `id` int(10) UNSIGNED NOT NULL,
  `migration` varchar(191) COLLATE utf8mb4_unicode_ci NOT NULL,
  `batch` int(11) NOT NULL
) ENGINE=InnoDB DEFAULT CHARSET=utf8mb4 COLLATE=utf8mb4_unicode_ci;

--
-- Dumping data for table `migrations`
--

INSERT INTO `migrations` (`id`, `migration`, `batch`) VALUES
(1, '2014_10_12_000000_create_users_table', 1),
(2, '2014_10_12_100000_create_password_resets_table', 1),
(3, '2019_08_19_000000_create_failed_jobs_table', 1),
(4, '2019_12_27_060123_create_employees_table', 1),
(5, '2020_01_02_074702_create_shows_table', 1),
(6, '2020_01_07_064251_create_departments_table', 1),
(7, '2020_01_10_003718_create_positions_table', 1),
(8, '2020_01_24_061627_create_sections_table', 1),
(9, '2020_01_24_072415_create_functions_table', 1),
(10, '2020_02_06_071222_create_casuals_table', 1),
(11, '2020_02_06_123254_create_casual_appointments_table', 1),
(12, '2020_02_06_125146_create_appointments_table', 1);

-- --------------------------------------------------------

--
-- Table structure for table `password_resets`
--

CREATE TABLE `password_resets` (
  `email` varchar(191) COLLATE utf8mb4_unicode_ci NOT NULL,
  `token` varchar(191) COLLATE utf8mb4_unicode_ci NOT NULL,
  `created_at` timestamp NULL DEFAULT NULL
) ENGINE=InnoDB DEFAULT CHARSET=utf8mb4 COLLATE=utf8mb4_unicode_ci;

-- --------------------------------------------------------

--
-- Table structure for table `positions`
--

CREATE TABLE `positions` (
  `id` bigint(20) UNSIGNED NOT NULL,
  `name` varchar(191) COLLATE utf8mb4_unicode_ci NOT NULL,
  `function` varchar(191) COLLATE utf8mb4_unicode_ci DEFAULT NULL,
  `level` varchar(191) COLLATE utf8mb4_unicode_ci DEFAULT NULL,
  `category` varchar(191) COLLATE utf8mb4_unicode_ci DEFAULT NULL,
  `sg` varchar(191) COLLATE utf8mb4_unicode_ci DEFAULT NULL,
  `created_at` timestamp NULL DEFAULT NULL,
  `updated_at` timestamp NULL DEFAULT NULL
) ENGINE=InnoDB DEFAULT CHARSET=utf8mb4 COLLATE=utf8mb4_unicode_ci;

-- --------------------------------------------------------

--
-- Table structure for table `sections`
--

CREATE TABLE `sections` (
  `id` bigint(20) UNSIGNED NOT NULL,
  `department_id` bigint(20) UNSIGNED NOT NULL,
  `name` varchar(191) COLLATE utf8mb4_unicode_ci NOT NULL,
  `short_name` varchar(191) COLLATE utf8mb4_unicode_ci NOT NULL,
  `created_at` timestamp NULL DEFAULT NULL,
  `updated_at` timestamp NULL DEFAULT NULL
) ENGINE=InnoDB DEFAULT CHARSET=utf8mb4 COLLATE=utf8mb4_unicode_ci;

-- --------------------------------------------------------

--
-- Table structure for table `shows`
--

CREATE TABLE `shows` (
  `id` bigint(20) UNSIGNED NOT NULL,
  `show_name` varchar(191) COLLATE utf8mb4_unicode_ci NOT NULL,
  `genre` varchar(191) COLLATE utf8mb4_unicode_ci NOT NULL,
  `imdb_rating` double(8,2) NOT NULL,
  `lead_actor` varchar(191) COLLATE utf8mb4_unicode_ci NOT NULL,
  `created_at` timestamp NULL DEFAULT NULL,
  `updated_at` timestamp NULL DEFAULT NULL
) ENGINE=InnoDB DEFAULT CHARSET=utf8mb4 COLLATE=utf8mb4_unicode_ci;

-- --------------------------------------------------------

--
-- Table structure for table `users`
--

CREATE TABLE `users` (
  `id` bigint(20) UNSIGNED NOT NULL,
  `name` varchar(191) COLLATE utf8mb4_unicode_ci NOT NULL,
  `username` varchar(191) COLLATE utf8mb4_unicode_ci NOT NULL,
  `is_admin` tinyint(1) DEFAULT NULL,
  `password` varchar(191) COLLATE utf8mb4_unicode_ci DEFAULT NULL,
  `remember_token` varchar(100) COLLATE utf8mb4_unicode_ci DEFAULT NULL,
  `created_at` timestamp NULL DEFAULT NULL,
  `updated_at` timestamp NULL DEFAULT NULL
) ENGINE=InnoDB DEFAULT CHARSET=utf8mb4 COLLATE=utf8mb4_unicode_ci;

--
-- Dumping data for table `users`
--

INSERT INTO `users` (`id`, `name`, `username`, `is_admin`, `password`, `remember_token`, `created_at`, `updated_at`) VALUES
(1, 'Franz Joshua Valencia', 'fjavalencia', 0, '$2y$10$pPrS2ZP8ngArbqkRKudkuOuFlQklqh0ynBLxMyLlhYrOA/lOVM8Ya', NULL, '2020-02-09 21:53:08', '2020-02-09 21:53:08'),
(2, 'Jane Doe', 'jdoe', 0, '$2y$10$O5vq6hEpWSByJ2hagqFdPeCd5xKkCw8rLJrf5yjCsujbGiUopjo56', NULL, '2020-02-09 21:53:08', '2020-02-09 21:53:08'),
(3, 'Jessel Marie B. Alingcomot', 'jmbalingcomot', 0, '$2y$10$1PhX609o8/HOovPHbobZUu3mpUUZzTfDDm713sSmqHNeej0KT.yk.', NULL, '2020-02-09 21:53:08', '2020-02-09 21:53:08');

--
-- Indexes for dumped tables
--

--
-- Indexes for table `appointments`
--
ALTER TABLE `appointments`
  ADD PRIMARY KEY (`id`);

--
-- Indexes for table `casuals`
--
ALTER TABLE `casuals`
  ADD PRIMARY KEY (`id`);

--
-- Indexes for table `casual_appointments`
--
ALTER TABLE `casual_appointments`
  ADD PRIMARY KEY (`id`);

--
-- Indexes for table `departments`
--
ALTER TABLE `departments`
  ADD PRIMARY KEY (`id`);

--
-- Indexes for table `employees`
--
ALTER TABLE `employees`
  ADD PRIMARY KEY (`id`);

--
-- Indexes for table `failed_jobs`
--
ALTER TABLE `failed_jobs`
  ADD PRIMARY KEY (`id`);

--
-- Indexes for table `functions`
--
ALTER TABLE `functions`
  ADD PRIMARY KEY (`id`);

--
-- Indexes for table `migrations`
--
ALTER TABLE `migrations`
  ADD PRIMARY KEY (`id`);

--
-- Indexes for table `password_resets`
--
ALTER TABLE `password_resets`
  ADD KEY `password_resets_email_index` (`email`);

--
-- Indexes for table `positions`
--
ALTER TABLE `positions`
  ADD PRIMARY KEY (`id`);

--
-- Indexes for table `sections`
--
ALTER TABLE `sections`
  ADD PRIMARY KEY (`id`);

--
-- Indexes for table `shows`
--
ALTER TABLE `shows`
  ADD PRIMARY KEY (`id`);

--
-- Indexes for table `users`
--
ALTER TABLE `users`
  ADD PRIMARY KEY (`id`),
  ADD UNIQUE KEY `users_username_unique` (`username`);

--
-- AUTO_INCREMENT for dumped tables
--

--
-- AUTO_INCREMENT for table `appointments`
--
ALTER TABLE `appointments`
  MODIFY `id` bigint(20) UNSIGNED NOT NULL AUTO_INCREMENT, AUTO_INCREMENT=312;

--
-- AUTO_INCREMENT for table `casuals`
--
ALTER TABLE `casuals`
  MODIFY `id` bigint(20) UNSIGNED NOT NULL AUTO_INCREMENT;

--
-- AUTO_INCREMENT for table `casual_appointments`
--
ALTER TABLE `casual_appointments`
  MODIFY `id` bigint(20) UNSIGNED NOT NULL AUTO_INCREMENT;

--
-- AUTO_INCREMENT for table `departments`
--
ALTER TABLE `departments`
  MODIFY `id` bigint(20) UNSIGNED NOT NULL AUTO_INCREMENT, AUTO_INCREMENT=33;

--
-- AUTO_INCREMENT for table `employees`
--
ALTER TABLE `employees`
  MODIFY `id` bigint(20) UNSIGNED NOT NULL AUTO_INCREMENT, AUTO_INCREMENT=20512;

--
-- AUTO_INCREMENT for table `failed_jobs`
--
ALTER TABLE `failed_jobs`
  MODIFY `id` bigint(20) UNSIGNED NOT NULL AUTO_INCREMENT;

--
-- AUTO_INCREMENT for table `functions`
--
ALTER TABLE `functions`
  MODIFY `id` bigint(20) UNSIGNED NOT NULL AUTO_INCREMENT;

--
-- AUTO_INCREMENT for table `migrations`
--
ALTER TABLE `migrations`
  MODIFY `id` int(10) UNSIGNED NOT NULL AUTO_INCREMENT, AUTO_INCREMENT=13;

--
-- AUTO_INCREMENT for table `positions`
--
ALTER TABLE `positions`
  MODIFY `id` bigint(20) UNSIGNED NOT NULL AUTO_INCREMENT;

--
-- AUTO_INCREMENT for table `sections`
--
ALTER TABLE `sections`
  MODIFY `id` bigint(20) UNSIGNED NOT NULL AUTO_INCREMENT;

--
-- AUTO_INCREMENT for table `shows`
--
ALTER TABLE `shows`
  MODIFY `id` bigint(20) UNSIGNED NOT NULL AUTO_INCREMENT;

--
-- AUTO_INCREMENT for table `users`
--
ALTER TABLE `users`
  MODIFY `id` bigint(20) UNSIGNED NOT NULL AUTO_INCREMENT, AUTO_INCREMENT=4;
COMMIT;

/*!40101 SET CHARACTER_SET_CLIENT=@OLD_CHARACTER_SET_CLIENT */;
/*!40101 SET CHARACTER_SET_RESULTS=@OLD_CHARACTER_SET_RESULTS */;
/*!40101 SET COLLATION_CONNECTION=@OLD_COLLATION_CONNECTION */;
