-- phpMyAdmin SQL Dump
-- version 4.8.5
-- https://www.phpmyadmin.net/
--
-- Host: 127.0.0.1
-- Generation Time: Feb 21, 2020 at 09:25 AM
-- Server version: 10.1.38-MariaDB
-- PHP Version: 7.3.3

SET SQL_MODE = "NO_AUTO_VALUE_ON_ZERO";
SET AUTOCOMMIT = 0;
START TRANSACTION;
SET time_zone = "+00:00";


/*!40101 SET @OLD_CHARACTER_SET_CLIENT=@@CHARACTER_SET_CLIENT */;
/*!40101 SET @OLD_CHARACTER_SET_RESULTS=@@CHARACTER_SET_RESULTS */;
/*!40101 SET @OLD_COLLATION_CONNECTION=@@COLLATION_CONNECTION */;
/*!40101 SET NAMES utf8mb4 */;

--
-- Database: `ihris_dev`
--

-- --------------------------------------------------------

--
-- Table structure for table `appointments`
--

CREATE TABLE `appointments` (
  `id` bigint(20) UNSIGNED NOT NULL,
  `employee_id` bigint(20) UNSIGNED NOT NULL,
  `employment_status` varchar(191) COLLATE utf8mb4_unicode_ci NOT NULL,
  `position_title` varchar(191) COLLATE utf8mb4_unicode_ci NOT NULL,
  `sg` varchar(191) COLLATE utf8mb4_unicode_ci NOT NULL,
  `daily_wage` double(10,2) NOT NULL,
  `from_date` date NOT NULL,
  `to_date` date DEFAULT NULL,
  `nature_of_appointment` varchar(191) COLLATE utf8mb4_unicode_ci NOT NULL,
  `department_id` bigint(20) UNSIGNED NOT NULL,
  `created_at` timestamp NULL DEFAULT NULL,
  `updated_at` timestamp NULL DEFAULT NULL
) ENGINE=InnoDB DEFAULT CHARSET=utf8mb4 COLLATE=utf8mb4_unicode_ci;

--
-- Dumping data for table `appointments`
--

INSERT INTO `appointments` (`id`, `employee_id`, `employment_status`, `position_title`, `sg`, `daily_wage`, `from_date`, `to_date`, `nature_of_appointment`, `department_id`, `created_at`, `updated_at`) VALUES
(1, 202001, 'CASUAL', 'ADMINISTRATIVE AIDE I', '01-1', 498.00, '2020-01-01', '2020-06-30', 'REAPPOINTMENT', 12, '2020-02-10 05:56:08', '2020-02-20 18:43:24'),
(2, 202002, 'CASUAL', 'ADMINISTRATIVE AIDE I', '01-1', 498.00, '2020-01-01', '2020-06-30', 'REAPPOINTMENT', 12, '2020-02-10 05:56:08', '2020-02-20 18:43:24'),
(3, 202003, 'CASUAL', 'ADMINISTRATIVE AIDE I', '01-1', 498.00, '2020-01-01', '2020-06-30', 'REAPPOINTMENT', 12, '2020-02-10 05:56:08', '2020-02-20 18:43:24'),
(4, 202004, 'CASUAL', 'ADMINISTRATIVE AIDE I', '01-1', 498.00, '2020-01-01', '2020-06-30', 'REAPPOINTMENT', 12, '2020-02-10 05:56:08', '2020-02-20 18:43:24'),
(5, 202005, 'CASUAL', 'ADMINISTRATIVE AIDE I', '01-1', 498.00, '2020-01-01', '2020-06-30', 'REAPPOINTMENT', 12, '2020-02-10 05:56:08', '2020-02-20 18:43:24'),
(6, 202006, 'CASUAL', 'ADMINISTRATIVE AIDE I', '01-1', 498.00, '2020-01-01', '2020-06-30', 'REAPPOINTMENT', 12, '2020-02-10 05:56:08', '2020-02-20 18:43:24'),
(7, 202007, 'CASUAL', 'ADMINISTRATIVE AIDE I', '01-1', 498.00, '2020-01-01', '2020-06-30', 'REAPPOINTMENT', 12, '2020-02-10 05:56:08', '2020-02-20 18:43:25'),
(8, 202008, 'CASUAL', 'ADMINISTRATIVE AIDE I', '01-1', 498.00, '2020-01-01', '2020-06-30', 'REAPPOINTMENT', 12, '2020-02-10 05:56:08', '2020-02-20 18:43:25'),
(9, 202009, 'CASUAL', 'ADMINISTRATIVE AIDE I', '01-1', 498.00, '2020-01-01', '2020-06-30', 'REAPPOINTMENT', 12, '2020-02-10 05:56:08', '2020-02-20 18:43:25'),
(10, 202010, 'CASUAL', 'ADMINISTRATIVE AIDE I', '01-1', 498.00, '2020-01-01', '2020-06-30', 'REAPPOINTMENT', 12, '2020-02-10 05:56:08', '2020-02-20 18:43:25'),
(11, 202011, 'CASUAL', 'ADMINISTRATIVE AIDE I', '01-1', 498.00, '2020-01-01', '2020-06-30', 'REAPPOINTMENT', 12, '2020-02-10 05:56:08', '2020-02-20 18:43:25'),
(12, 202012, 'CASUAL', 'ADMINISTRATIVE AIDE I', '01-1', 498.00, '2020-01-01', '2020-06-30', 'REAPPOINTMENT', 12, '2020-02-10 05:56:08', '2020-02-20 18:43:25'),
(13, 202013, 'CASUAL', 'ADMINISTRATIVE AIDE I', '01-1', 498.00, '2020-01-01', '2020-06-30', 'REAPPOINTMENT', 15, '2020-02-10 05:56:08', '2020-02-20 18:43:26'),
(14, 202014, 'CASUAL', 'ADMINISTRATIVE AIDE I', '01-1', 498.00, '2020-01-01', '2020-06-30', 'REAPPOINTMENT', 15, '2020-02-10 05:56:08', '2020-02-20 18:43:26'),
(15, 202015, 'CASUAL', 'ADMINISTRATIVE AIDE I', '01-1', 498.00, '2020-01-01', '2020-06-30', 'REAPPOINTMENT', 15, '2020-02-10 05:56:08', '2020-02-20 18:43:26'),
(16, 202016, 'CASUAL', 'ADMINISTRATIVE AIDE I', '01-1', 498.00, '2020-01-01', '2020-06-30', 'REAPPOINTMENT', 15, '2020-02-10 05:56:08', '2020-02-20 18:43:26'),
(17, 202017, 'CASUAL', 'ADMINISTRATIVE AIDE I', '01-1', 498.00, '2020-01-01', '2020-06-30', 'REAPPOINTMENT', 15, '2020-02-10 05:56:08', '2020-02-20 18:43:26'),
(18, 202018, 'CASUAL', 'ADMINISTRATIVE AIDE I', '01-1', 498.00, '2020-01-01', '2020-06-30', 'REAPPOINTMENT', 15, '2020-02-10 05:56:08', '2020-02-20 18:43:26'),
(19, 202019, 'CASUAL', 'ADMINISTRATIVE AIDE I', '01-1', 498.00, '2020-01-01', '2020-06-30', 'REAPPOINTMENT', 15, '2020-02-10 05:56:08', '2020-02-20 18:43:26'),
(20, 202020, 'CASUAL', 'ADMINISTRATIVE AIDE I', '01-1', 498.00, '2020-01-01', '2020-06-30', 'REAPPOINTMENT', 15, '2020-02-10 05:56:08', '2020-02-20 18:43:26'),
(21, 202021, 'CASUAL', 'ADMINISTRATIVE AIDE I', '01-1', 498.00, '2020-01-01', '2020-06-30', 'REAPPOINTMENT', 15, '2020-02-10 05:56:08', '2020-02-20 18:43:27'),
(22, 202022, 'CASUAL', 'ADMINISTRATIVE AIDE I', '01-1', 498.00, '2020-01-01', '2020-06-30', 'REAPPOINTMENT', 15, '2020-02-10 05:56:08', '2020-02-20 18:43:27'),
(23, 202023, 'CASUAL', 'ADMINISTRATIVE AIDE I', '01-1', 498.00, '2020-01-01', '2020-06-30', 'REAPPOINTMENT', 15, '2020-02-10 05:56:08', '2020-02-20 18:43:27'),
(24, 202024, 'CASUAL', 'ADMINISTRATIVE AIDE I', '01-1', 498.00, '2020-01-01', '2020-06-30', 'REAPPOINTMENT', 15, '2020-02-10 05:56:08', '2020-02-20 18:43:27'),
(25, 202025, 'CASUAL', 'ADMINISTRATIVE AIDE I', '01-1', 498.00, '2020-01-01', '2020-06-30', 'REAPPOINTMENT', 15, '2020-02-10 05:56:08', '2020-02-20 18:43:27'),
(26, 202026, 'CASUAL', 'ADMINISTRATIVE AIDE I', '01-1', 498.00, '2020-01-01', '2020-06-30', 'REAPPOINTMENT', 15, '2020-02-10 05:56:08', '2020-02-20 18:43:27'),
(27, 202027, 'CASUAL', 'ADMINISTRATIVE AIDE I', '01-1', 498.00, '2020-01-01', '2020-06-30', 'REAPPOINTMENT', 15, '2020-02-10 05:56:08', '2020-02-20 18:43:28'),
(28, 202028, 'CASUAL', 'ADMINISTRATIVE AIDE I', '01-1', 498.00, '2020-01-01', '2020-06-30', 'REAPPOINTMENT', 15, '2020-02-10 05:56:08', '2020-02-20 18:43:28'),
(29, 202029, 'CASUAL', 'ADMINISTRATIVE AIDE I', '01-1', 498.00, '2020-01-01', '2020-06-30', 'REAPPOINTMENT', 15, '2020-02-10 05:56:08', '2020-02-20 18:43:28'),
(30, 202030, 'CASUAL', 'ADMINISTRATIVE AIDE I', '01-1', 498.00, '2020-01-01', '2020-06-30', 'REAPPOINTMENT', 15, '2020-02-10 05:56:08', '2020-02-20 18:43:28'),
(31, 202031, 'CASUAL', 'ADMINISTRATIVE AIDE I', '01-1', 498.00, '2020-01-01', '2020-06-30', 'REAPPOINTMENT', 15, '2020-02-10 05:56:08', '2020-02-20 18:43:28'),
(32, 202032, 'CASUAL', 'ADMINISTRATIVE AIDE I', '01-1', 498.00, '2020-01-01', '2020-06-30', 'REAPPOINTMENT', 15, '2020-02-10 05:56:08', '2020-02-20 18:43:28'),
(33, 202033, 'CASUAL', 'ADMINISTRATIVE AIDE I', '01-1', 498.00, '2020-01-01', '2020-06-30', 'REAPPOINTMENT', 15, '2020-02-10 05:56:08', '2020-02-20 18:43:29'),
(34, 202034, 'CASUAL', 'ADMINISTRATIVE AIDE I', '01-1', 498.00, '2020-01-01', '2020-06-30', 'REAPPOINTMENT', 15, '2020-02-10 05:56:08', '2020-02-20 18:43:29'),
(35, 202035, 'CASUAL', 'ADMINISTRATIVE AIDE I', '01-1', 498.00, '2020-01-01', '2020-06-30', 'REAPPOINTMENT', 15, '2020-02-10 05:56:08', '2020-02-20 18:43:29'),
(36, 202036, 'CASUAL', 'ADMINISTRATIVE AIDE I', '01-1', 498.00, '2020-01-01', '2020-06-30', 'REAPPOINTMENT', 15, '2020-02-10 05:56:08', '2020-02-20 18:43:29'),
(37, 202037, 'CASUAL', 'ADMINISTRATIVE AIDE I', '01-1', 498.00, '2020-01-01', '2020-06-30', 'REAPPOINTMENT', 15, '2020-02-10 05:56:08', '2020-02-20 18:43:29'),
(38, 202038, 'CASUAL', 'ADMINISTRATIVE AIDE I', '01-1', 498.00, '2020-01-01', '2020-06-30', 'REAPPOINTMENT', 15, '2020-02-10 05:56:08', '2020-02-20 18:43:29'),
(39, 202039, 'CASUAL', 'ADMINISTRATIVE AIDE I', '01-1', 498.00, '2020-01-01', '2020-06-30', 'REAPPOINTMENT', 15, '2020-02-10 05:56:08', '2020-02-20 18:43:29'),
(40, 202040, 'CASUAL', 'ADMINISTRATIVE AIDE I', '01-1', 498.00, '2020-01-01', '2020-06-30', 'REAPPOINTMENT', 15, '2020-02-10 05:56:08', '2020-02-20 18:43:30'),
(41, 202041, 'CASUAL', 'ADMINISTRATIVE AIDE I', '01-1', 498.00, '2020-01-01', '2020-06-30', 'REAPPOINTMENT', 15, '2020-02-10 05:56:08', '2020-02-20 18:43:30'),
(42, 202042, 'CASUAL', 'ADMINISTRATIVE AIDE I', '01-1', 498.00, '2020-01-01', '2020-06-30', 'REAPPOINTMENT', 15, '2020-02-10 05:56:08', '2020-02-20 18:43:30'),
(43, 202043, 'CASUAL', 'ADMINISTRATIVE AIDE I', '01-1', 498.00, '2020-01-01', '2020-06-30', 'REAPPOINTMENT', 15, '2020-02-10 05:56:08', '2020-02-20 18:43:30'),
(44, 202044, 'CASUAL', 'ADMINISTRATIVE AIDE I', '02-1', 528.00, '2020-01-01', '2020-06-30', 'REAPPOINTMENT', 15, '2020-02-10 05:56:08', '2020-02-20 18:43:30'),
(45, 202045, 'CASUAL', 'ADMINISTRATIVE AIDE I', '01-1', 498.00, '2020-01-01', '2020-06-30', 'REAPPOINTMENT', 15, '2020-02-10 05:56:08', '2020-02-20 18:43:30'),
(46, 202046, 'CASUAL', 'ADMINISTRATIVE AIDE I', '01-1', 498.00, '2020-01-01', '2020-06-30', 'REAPPOINTMENT', 15, '2020-02-10 05:56:08', '2020-02-20 18:43:30'),
(47, 202047, 'CASUAL', 'ADMINISTRATIVE AIDE I', '01-1', 498.00, '2020-01-01', '2020-06-30', 'REAPPOINTMENT', 15, '2020-02-10 05:56:08', '2020-02-20 18:43:30'),
(48, 202048, 'CASUAL', 'ADMINISTRATIVE AIDE I', '01-1', 498.00, '2020-01-01', '2020-06-30', 'REAPPOINTMENT', 15, '2020-02-10 05:56:08', '2020-02-20 18:43:30'),
(49, 202049, 'CASUAL', 'ADMINISTRATIVE AIDE I', '01-1', 498.00, '2020-01-01', '2020-06-30', 'REAPPOINTMENT', 15, '2020-02-10 05:56:08', '2020-02-20 18:43:30'),
(50, 202050, 'CASUAL', 'ADMINISTRATIVE AIDE I', '01-1', 498.00, '2020-01-01', '2020-06-30', 'REAPPOINTMENT', 19, '2020-02-10 05:56:08', '2020-02-20 18:43:31'),
(51, 202051, 'CASUAL', 'ADMINISTRATIVE AIDE I', '01-1', 498.00, '2020-01-01', '2020-06-30', 'REAPPOINTMENT', 19, '2020-02-10 05:56:08', '2020-02-20 18:43:31'),
(52, 202052, 'CASUAL', 'ADMINISTRATIVE AIDE I', '01-1', 498.00, '2020-01-01', '2020-06-30', 'REAPPOINTMENT', 19, '2020-02-10 05:56:08', '2020-02-20 18:43:31'),
(53, 202053, 'CASUAL', 'ADMINISTRATIVE AIDE I', '01-1', 498.00, '2020-01-01', '2020-06-30', 'REAPPOINTMENT', 19, '2020-02-10 05:56:08', '2020-02-20 18:43:31'),
(54, 202054, 'CASUAL', 'ADMINISTRATIVE AIDE I', '01-1', 498.00, '2020-01-01', '2020-06-30', 'REAPPOINTMENT', 19, '2020-02-10 05:56:08', '2020-02-20 18:43:31'),
(55, 202055, 'CASUAL', 'ADMINISTRATIVE AIDE I', '01-1', 498.00, '2020-01-01', '2020-06-30', 'REAPPOINTMENT', 19, '2020-02-10 05:56:08', '2020-02-20 18:43:31'),
(56, 202056, 'CASUAL', 'ADMINISTRATIVE AIDE I', '01-1', 498.00, '2020-01-01', '2020-06-30', 'REAPPOINTMENT', 19, '2020-02-10 05:56:08', '2020-02-20 18:43:31'),
(57, 202057, 'CASUAL', 'ADMINISTRATIVE AIDE I', '01-1', 498.00, '2020-01-01', '2020-06-30', 'REAPPOINTMENT', 2, '2020-02-10 05:56:08', '2020-02-20 18:43:31'),
(58, 202058, 'CASUAL', 'ADMINISTRATIVE AIDE I', '01-1', 498.00, '2020-01-01', '2020-06-30', 'REAPPOINTMENT', 2, '2020-02-10 05:56:08', '2020-02-20 18:43:31'),
(59, 202059, 'CASUAL', 'ADMINISTRATIVE AIDE I', '01-1', 498.00, '2020-01-01', '2020-06-30', 'REAPPOINTMENT', 2, '2020-02-10 05:56:08', '2020-02-20 18:43:32'),
(60, 202060, 'CASUAL', 'ADMINISTRATIVE AIDE I', '01-1', 498.00, '2020-01-01', '2020-06-30', 'REAPPOINTMENT', 2, '2020-02-10 05:56:08', '2020-02-20 18:43:32'),
(61, 202061, 'CASUAL', 'ADMINISTRATIVE AIDE I', '01-1', 498.00, '2020-01-01', '2020-06-30', 'REAPPOINTMENT', 2, '2020-02-10 05:56:08', '2020-02-20 18:43:32'),
(62, 202062, 'CASUAL', 'ADMINISTRATIVE AIDE I', '01-1', 498.00, '2020-01-01', '2020-06-30', 'REAPPOINTMENT', 2, '2020-02-10 05:56:08', '2020-02-20 18:43:32'),
(63, 202063, 'CASUAL', 'ADMINISTRATIVE AIDE I', '01-1', 498.00, '2020-01-01', '2020-06-30', 'REAPPOINTMENT', 2, '2020-02-10 05:56:08', '2020-02-20 18:43:32'),
(64, 202064, 'CASUAL', 'ADMINISTRATIVE AIDE I', '01-1', 498.00, '2020-01-01', '2020-06-30', 'REAPPOINTMENT', 2, '2020-02-10 05:56:08', '2020-02-20 18:43:32'),
(65, 202065, 'CASUAL', 'ADMINISTRATIVE AIDE I', '01-1', 498.00, '2020-01-01', '2020-06-30', 'REAPPOINTMENT', 2, '2020-02-10 05:56:08', '2020-02-20 18:43:32'),
(66, 202066, 'CASUAL', 'ADMINISTRATIVE AIDE I', '01-1', 498.00, '2020-01-01', '2020-06-30', 'REAPPOINTMENT', 2, '2020-02-10 05:56:08', '2020-02-20 18:43:32'),
(67, 202067, 'CASUAL', 'ADMINISTRATIVE AIDE I', '01-1', 498.00, '2020-01-01', '2020-06-30', 'REAPPOINTMENT', 2, '2020-02-10 05:56:08', '2020-02-20 18:43:32'),
(68, 202068, 'CASUAL', 'ADMINISTRATIVE AIDE I', '01-1', 498.00, '2020-01-01', '2020-06-30', 'REAPPOINTMENT', 2, '2020-02-10 05:56:08', '2020-02-20 18:43:32'),
(69, 202069, 'CASUAL', 'ADMINISTRATIVE AIDE I', '01-1', 498.00, '2020-01-01', '2020-06-30', 'REAPPOINTMENT', 2, '2020-02-10 05:56:08', '2020-02-20 18:43:32'),
(70, 202070, 'CASUAL', 'ADMINISTRATIVE AIDE I', '01-1', 498.00, '2020-01-01', '2020-06-30', 'REAPPOINTMENT', 2, '2020-02-10 05:56:08', '2020-02-20 18:43:33'),
(71, 202071, 'CASUAL', 'ADMINISTRATIVE AIDE I', '01-1', 498.00, '2020-01-01', '2020-06-30', 'REAPPOINTMENT', 2, '2020-02-10 05:56:08', '2020-02-20 18:43:33'),
(72, 202072, 'CASUAL', 'ADMINISTRATIVE AIDE I', '01-1', 498.00, '2020-01-01', '2020-06-30', 'REAPPOINTMENT', 2, '2020-02-10 05:56:08', '2020-02-20 18:43:33'),
(73, 202073, 'CASUAL', 'ADMINISTRATIVE AIDE I', '01-1', 498.00, '2020-01-01', '2020-06-30', 'REAPPOINTMENT', 2, '2020-02-10 05:56:08', '2020-02-20 18:43:33'),
(74, 202074, 'CASUAL', 'ADMINISTRATIVE AIDE I', '01-1', 498.00, '2020-01-01', '2020-06-30', 'REAPPOINTMENT', 2, '2020-02-10 05:56:08', '2020-02-20 18:43:33'),
(75, 202075, 'CASUAL', 'ADMINISTRATIVE AIDE I', '01-1', 498.00, '2020-01-01', '2020-06-30', 'REAPPOINTMENT', 2, '2020-02-10 05:56:08', '2020-02-20 18:43:33'),
(76, 202076, 'CASUAL', 'ADMINISTRATIVE AIDE I', '01-1', 498.00, '2020-01-01', '2020-06-30', 'REAPPOINTMENT', 2, '2020-02-10 05:56:08', '2020-02-20 18:43:33'),
(77, 202077, 'CASUAL', 'ADMINISTRATIVE AIDE I', '01-1', 498.00, '2020-01-01', '2020-06-30', 'REAPPOINTMENT', 2, '2020-02-10 05:56:08', '2020-02-20 18:43:33'),
(78, 202078, 'CASUAL', 'ADMINISTRATIVE AIDE I', '01-1', 498.00, '2020-01-01', '2020-06-30', 'REAPPOINTMENT', 2, '2020-02-10 05:56:08', '2020-02-20 18:43:34'),
(79, 202079, 'CASUAL', 'ADMINISTRATIVE AIDE I', '01-1', 498.00, '2020-01-01', '2020-06-30', 'REAPPOINTMENT', 2, '2020-02-10 05:56:08', '2020-02-20 18:43:34'),
(80, 202080, 'CASUAL', 'ADMINISTRATIVE AIDE I', '01-1', 498.00, '2020-01-01', '2020-06-30', 'REAPPOINTMENT', 14, '2020-02-10 05:56:08', '2020-02-20 18:43:34'),
(81, 202081, 'CASUAL', 'ADMINISTRATIVE AIDE I', '01-1', 498.00, '2020-01-01', '2020-06-30', 'REAPPOINTMENT', 14, '2020-02-10 05:56:08', '2020-02-20 18:43:34'),
(82, 202082, 'CASUAL', 'ADMINISTRATIVE AIDE I', '01-1', 498.00, '2020-01-01', '2020-06-30', 'REAPPOINTMENT', 14, '2020-02-10 05:56:08', '2020-02-20 18:43:34'),
(83, 202083, 'CASUAL', 'ADMINISTRATIVE AIDE I', '01-1', 498.00, '2020-01-01', '2020-06-30', 'REAPPOINTMENT', 14, '2020-02-10 05:56:08', '2020-02-20 18:43:34'),
(84, 202084, 'CASUAL', 'ADMINISTRATIVE AIDE I', '01-1', 498.00, '2020-01-01', '2020-06-30', 'REAPPOINTMENT', 14, '2020-02-10 05:56:08', '2020-02-20 18:43:34'),
(85, 202085, 'CASUAL', 'ADMINISTRATIVE AIDE I', '01-1', 498.00, '2020-01-01', '2020-06-30', 'REAPPOINTMENT', 14, '2020-02-10 05:56:08', '2020-02-20 18:43:35'),
(86, 202086, 'CASUAL', 'ADMINISTRATIVE AIDE I', '01-1', 498.00, '2020-01-01', '2020-06-30', 'REAPPOINTMENT', 26, '2020-02-10 05:56:08', '2020-02-20 18:43:36'),
(87, 202087, 'CASUAL', 'ADMINISTRATIVE AIDE I', '01-1', 498.00, '2020-01-01', '2020-06-30', 'REAPPOINTMENT', 26, '2020-02-10 05:56:08', '2020-02-20 18:43:36'),
(88, 202088, 'CASUAL', 'ADMINISTRATIVE AIDE I', '01-11', 498.00, '2020-01-01', '2020-06-30', 'REAPPOINTMENT', 25, '2020-02-10 05:56:08', '2020-02-20 19:28:39'),
(89, 202089, 'CASUAL', 'ADMINISTRATIVE AIDE I', '01-1', 498.00, '2020-01-01', '2020-06-30', 'REAPPOINTMENT', 25, '2020-02-10 05:56:08', '2020-02-20 18:43:36'),
(90, 202090, 'CASUAL', 'ADMINISTRATIVE AIDE I', '01-1', 498.00, '2020-01-01', '2020-06-30', 'REAPPOINTMENT', 25, '2020-02-10 05:56:08', '2020-02-20 18:43:36'),
(91, 202091, 'CASUAL', 'ADMINISTRATIVE AIDE I', '01-1', 498.00, '2020-01-01', '2020-06-30', 'REAPPOINTMENT', 25, '2020-02-10 05:56:08', '2020-02-20 18:43:36'),
(92, 202092, 'CASUAL', 'ADMINISTRATIVE AIDE I', '01-1', 498.00, '2020-01-01', '2020-06-30', 'REAPPOINTMENT', 25, '2020-02-10 05:56:08', '2020-02-20 18:43:36'),
(93, 202093, 'CASUAL', 'ADMINISTRATIVE AIDE I', '01-1', 498.00, '2020-01-01', '2020-06-30', 'REAPPOINTMENT', 25, '2020-02-10 05:56:08', '2020-02-20 18:43:36'),
(94, 202094, 'CASUAL', 'ADMINISTRATIVE AIDE I', '01-1', 498.00, '2020-01-01', '2020-06-30', 'REAPPOINTMENT', 25, '2020-02-10 05:56:08', '2020-02-20 18:43:36'),
(95, 202095, 'CASUAL', 'ADMINISTRATIVE AIDE I', '01-1', 498.00, '2020-01-01', '2020-06-30', 'REAPPOINTMENT', 25, '2020-02-10 05:56:08', '2020-02-20 18:43:37'),
(96, 202096, 'CASUAL', 'ADMINISTRATIVE AIDE I', '01-1', 498.00, '2020-01-01', '2020-06-30', 'REAPPOINTMENT', 25, '2020-02-10 05:56:08', '2020-02-20 18:43:37'),
(97, 202097, 'CASUAL', 'ADMINISTRATIVE AIDE I', '01-1', 498.00, '2020-01-01', '2020-06-30', 'REAPPOINTMENT', 25, '2020-02-10 05:56:08', '2020-02-20 18:43:37'),
(98, 202098, 'CASUAL', 'ADMINISTRATIVE AIDE I', '01-1', 498.00, '2020-01-01', '2020-06-30', 'REAPPOINTMENT', 25, '2020-02-10 05:56:08', '2020-02-20 18:43:38'),
(99, 202099, 'CASUAL', 'ADMINISTRATIVE AIDE I', '01-1', 498.00, '2020-01-01', '2020-06-30', 'REAPPOINTMENT', 25, '2020-02-10 05:56:08', '2020-02-20 18:43:38'),
(100, 202100, 'CASUAL', 'ADMINISTRATIVE AIDE I', '01-1', 498.00, '2020-01-01', '2020-06-30', 'REAPPOINTMENT', 25, '2020-02-10 05:56:08', '2020-02-20 18:43:38'),
(101, 202101, 'CASUAL', 'ADMINISTRATIVE AIDE I', '01-1', 498.00, '2020-01-01', '2020-06-30', 'REAPPOINTMENT', 25, '2020-02-10 05:56:08', '2020-02-20 18:43:38'),
(102, 202102, 'CASUAL', 'ADMINISTRATIVE AIDE I', '01-1', 498.00, '2020-01-01', '2020-06-30', 'REAPPOINTMENT', 25, '2020-02-10 05:56:08', '2020-02-20 18:43:38'),
(103, 202103, 'CASUAL', 'ADMINISTRATIVE AIDE I', '01-1', 498.00, '2020-01-01', '2020-06-30', 'REAPPOINTMENT', 25, '2020-02-10 05:56:08', '2020-02-20 18:43:38'),
(104, 202104, 'CASUAL', 'ADMINISTRATIVE AIDE I', '01-1', 498.00, '2020-01-01', '2020-06-30', 'REAPPOINTMENT', 25, '2020-02-10 05:56:08', '2020-02-20 18:43:38'),
(105, 202105, 'CASUAL', 'ADMINISTRATIVE AIDE I', '01-1', 498.00, '2020-01-01', '2020-06-30', 'REAPPOINTMENT', 25, '2020-02-10 05:56:08', '2020-02-20 18:43:38'),
(106, 202106, 'CASUAL', 'ADMINISTRATIVE AIDE I', '01-1', 498.00, '2020-01-01', '2020-06-30', 'REAPPOINTMENT', 25, '2020-02-10 05:56:08', '2020-02-20 18:43:38'),
(107, 202107, 'CASUAL', 'ADMINISTRATIVE AIDE I', '01-1', 498.00, '2020-01-01', '2020-06-30', 'REAPPOINTMENT', 25, '2020-02-10 05:56:08', '2020-02-20 18:43:38'),
(108, 202108, 'CASUAL', 'ADMINISTRATIVE AIDE I', '01-1', 498.00, '2020-01-01', '2020-06-30', 'REAPPOINTMENT', 25, '2020-02-10 05:56:08', '2020-02-20 18:43:38'),
(109, 202109, 'CASUAL', 'ADMINISTRATIVE AIDE I', '01-1', 498.00, '2020-01-01', '2020-06-30', 'REAPPOINTMENT', 25, '2020-02-10 05:56:08', '2020-02-20 18:43:38'),
(110, 202110, 'CASUAL', 'ADMINISTRATIVE AIDE I', '01-1', 498.00, '2020-01-01', '2020-06-30', 'REAPPOINTMENT', 25, '2020-02-10 05:56:08', '2020-02-20 18:43:38'),
(111, 202111, 'CASUAL', 'ADMINISTRATIVE AIDE I', '01-1', 498.00, '2020-01-01', '2020-06-30', 'REAPPOINTMENT', 25, '2020-02-10 05:56:08', '2020-02-20 18:43:39'),
(112, 202112, 'CASUAL', 'ADMINISTRATIVE AIDE I', '01-1', 498.00, '2020-01-01', '2020-06-30', 'REAPPOINTMENT', 25, '2020-02-10 05:56:08', '2020-02-20 18:43:39'),
(113, 202113, 'CASUAL', 'ADMINISTRATIVE AIDE I', '01-1', 498.00, '2020-01-01', '2020-06-30', 'REAPPOINTMENT', 25, '2020-02-10 05:56:08', '2020-02-20 18:43:39'),
(114, 202114, 'CASUAL', 'ADMINISTRATIVE AIDE I', '01-1', 498.00, '2020-01-01', '2020-06-30', 'REAPPOINTMENT', 25, '2020-02-10 05:56:08', '2020-02-20 18:43:39'),
(115, 202115, 'CASUAL', 'ADMINISTRATIVE AIDE I', '01-1', 498.00, '2020-01-01', '2020-06-30', 'REAPPOINTMENT', 25, '2020-02-10 05:56:08', '2020-02-20 18:43:39'),
(116, 202116, 'CASUAL', 'ADMINISTRATIVE AIDE I', '01-1', 498.00, '2020-01-01', '2020-06-30', 'REAPPOINTMENT', 25, '2020-02-10 05:56:08', '2020-02-20 18:43:39'),
(117, 202117, 'CASUAL', 'ADMINISTRATIVE AIDE I', '01-1', 498.00, '2020-01-01', '2020-06-30', 'REAPPOINTMENT', 25, '2020-02-10 05:56:08', '2020-02-20 18:43:39'),
(118, 202118, 'CASUAL', 'ADMINISTRATIVE AIDE I', '01-1', 498.00, '2020-01-01', '2020-06-30', 'REAPPOINTMENT', 25, '2020-02-10 05:56:08', '2020-02-20 18:43:39'),
(119, 202119, 'CASUAL', 'ADMINISTRATIVE AIDE I', '01-1', 498.00, '2020-01-01', '2020-06-30', 'REAPPOINTMENT', 25, '2020-02-10 05:56:08', '2020-02-20 18:43:39'),
(120, 202120, 'CASUAL', 'ADMINISTRATIVE AIDE I', '01-1', 498.00, '2020-01-01', '2020-06-30', 'REAPPOINTMENT', 25, '2020-02-10 05:56:08', '2020-02-20 18:43:39'),
(121, 202121, 'CASUAL', 'ADMINISTRATIVE AIDE I', '01-1', 498.00, '2020-01-01', '2020-06-30', 'REAPPOINTMENT', 25, '2020-02-10 05:56:08', '2020-02-20 18:43:39'),
(122, 202122, 'CASUAL', 'ADMINISTRATIVE AIDE I', '01-1', 498.00, '2020-01-01', '2020-06-30', 'REAPPOINTMENT', 25, '2020-02-10 05:56:08', '2020-02-20 18:43:39'),
(123, 202123, 'CASUAL', 'ADMINISTRATIVE AIDE I', '01-1', 498.00, '2020-01-01', '2020-06-30', 'REAPPOINTMENT', 25, '2020-02-10 05:56:08', '2020-02-20 18:43:39'),
(124, 202124, 'CASUAL', 'ADMINISTRATIVE AIDE I', '01-1', 498.00, '2020-01-01', '2020-06-30', 'REAPPOINTMENT', 25, '2020-02-10 05:56:08', '2020-02-20 18:43:39'),
(125, 202125, 'CASUAL', 'ADMINISTRATIVE AIDE I', '01-1', 498.00, '2020-01-01', '2020-06-30', 'REAPPOINTMENT', 25, '2020-02-10 05:56:08', '2020-02-20 18:43:40'),
(126, 202126, 'CASUAL', 'ADMINISTRATIVE AIDE I', '01-1', 498.00, '2020-01-01', '2020-06-30', 'REAPPOINTMENT', 25, '2020-02-10 05:56:08', '2020-02-20 18:43:40'),
(127, 202127, 'CASUAL', 'ADMINISTRATIVE AIDE I', '01-1', 498.00, '2020-01-01', '2020-06-30', 'REAPPOINTMENT', 25, '2020-02-10 05:56:08', '2020-02-20 18:43:40'),
(128, 202128, 'CASUAL', 'ADMINISTRATIVE AIDE I', '01-1', 498.00, '2020-01-01', '2020-06-30', 'REAPPOINTMENT', 25, '2020-02-10 05:56:08', '2020-02-20 18:43:40'),
(129, 202129, 'CASUAL', 'ADMINISTRATIVE AIDE I', '01-1', 498.00, '2020-01-01', '2020-06-30', 'REAPPOINTMENT', 25, '2020-02-10 05:56:08', '2020-02-20 18:43:40'),
(130, 202130, 'CASUAL', 'ADMINISTRATIVE AIDE I', '01-1', 498.00, '2020-01-01', '2020-06-30', 'REAPPOINTMENT', 25, '2020-02-10 05:56:08', '2020-02-20 18:43:40'),
(131, 202131, 'CASUAL', 'ADMINISTRATIVE AIDE I', '01-1', 498.00, '2020-01-01', '2020-06-30', 'REAPPOINTMENT', 7, '2020-02-10 05:56:08', '2020-02-20 18:43:40'),
(132, 202132, 'CASUAL', 'ADMINISTRATIVE AIDE I', '01-1', 498.00, '2020-01-01', '2020-06-30', 'REAPPOINTMENT', 7, '2020-02-10 05:56:08', '2020-02-20 18:43:40'),
(133, 202133, 'CASUAL', 'ADMINISTRATIVE AIDE I', '01-1', 498.00, '2020-01-01', '2020-06-30', 'REAPPOINTMENT', 1, '2020-02-10 05:56:08', '2020-02-20 18:43:40'),
(134, 202134, 'CASUAL', 'ADMINISTRATIVE AIDE I', '01-1', 498.00, '2020-01-01', '2020-06-30', 'REAPPOINTMENT', 1, '2020-02-10 05:56:08', '2020-02-20 18:43:40'),
(135, 202135, 'CASUAL', 'ADMINISTRATIVE AIDE I', '01-1', 498.00, '2020-01-01', '2020-06-30', 'REAPPOINTMENT', 1, '2020-02-10 05:56:08', '2020-02-20 18:43:40'),
(136, 202136, 'CASUAL', 'ADMINISTRATIVE AIDE I', '01-1', 498.00, '2020-01-01', '2020-06-30', 'REAPPOINTMENT', 18, '2020-02-10 05:56:08', '2020-02-20 18:43:40'),
(137, 202137, 'CASUAL', 'ADMINISTRATIVE AIDE I', '01-1', 498.00, '2020-01-01', '2020-06-30', 'REAPPOINTMENT', 18, '2020-02-10 05:56:08', '2020-02-20 18:43:40'),
(138, 202138, 'CASUAL', 'ADMINISTRATIVE AIDE I', '01-1', 498.00, '2020-01-01', '2020-06-30', 'REAPPOINTMENT', 18, '2020-02-10 05:56:08', '2020-02-20 18:43:41'),
(139, 202139, 'CASUAL', 'ADMINISTRATIVE AIDE I', '01-1', 498.00, '2020-01-01', '2020-06-30', 'REAPPOINTMENT', 18, '2020-02-10 05:56:08', '2020-02-20 18:43:41'),
(140, 202140, 'CASUAL', 'ADMINISTRATIVE AIDE I', '01-1', 498.00, '2020-01-01', '2020-06-30', 'REAPPOINTMENT', 18, '2020-02-10 05:56:08', '2020-02-20 18:43:41'),
(141, 202141, 'CASUAL', 'ADMINISTRATIVE AIDE I', '01-1', 498.00, '2020-01-01', '2020-06-30', 'REAPPOINTMENT', 3, '2020-02-10 05:56:08', '2020-02-20 18:43:41'),
(142, 202142, 'CASUAL', 'ADMINISTRATIVE AIDE I', '01-1', 498.00, '2020-01-01', '2020-06-30', 'REAPPOINTMENT', 3, '2020-02-10 05:56:08', '2020-02-20 18:43:41'),
(143, 202143, 'CASUAL', 'ADMINISTRATIVE AIDE I', '01-1', 498.00, '2020-01-01', '2020-06-30', 'REAPPOINTMENT', 3, '2020-02-10 05:56:08', '2020-02-20 18:43:41'),
(144, 202144, 'CASUAL', 'ADMINISTRATIVE AIDE I', '01-1', 498.00, '2020-01-01', '2020-06-30', 'REAPPOINTMENT', 3, '2020-02-10 05:56:08', '2020-02-20 18:43:41'),
(145, 202145, 'CASUAL', 'ADMINISTRATIVE AIDE I', '01-1', 498.00, '2020-01-01', '2020-06-30', 'REAPPOINTMENT', 3, '2020-02-10 05:56:08', '2020-02-20 18:43:41'),
(146, 202146, 'CASUAL', 'ADMINISTRATIVE AIDE I', '01-1', 498.00, '2020-01-01', '2020-06-30', 'REAPPOINTMENT', 3, '2020-02-10 05:56:08', '2020-02-20 18:43:41'),
(147, 202147, 'CASUAL', 'ADMINISTRATIVE AIDE I', '01-1', 498.00, '2020-01-01', '2020-06-30', 'REAPPOINTMENT', 3, '2020-02-10 05:56:08', '2020-02-20 18:43:41'),
(148, 202148, 'CASUAL', 'ADMINISTRATIVE AIDE I', '01-1', 498.00, '2020-01-01', '2020-06-30', 'REAPPOINTMENT', 3, '2020-02-10 05:56:08', '2020-02-20 18:43:41'),
(149, 202149, 'CASUAL', 'ADMINISTRATIVE AIDE I', '01-1', 498.00, '2020-01-01', '2020-06-30', 'REAPPOINTMENT', 3, '2020-02-10 05:56:08', '2020-02-20 18:43:41'),
(150, 202150, 'CASUAL', 'ADMINISTRATIVE AIDE I', '01-1', 498.00, '2020-01-01', '2020-06-30', 'REAPPOINTMENT', 3, '2020-02-10 05:56:08', '2020-02-20 18:43:41'),
(151, 202151, 'CASUAL', 'ADMINISTRATIVE AIDE I', '01-1', 498.00, '2020-01-01', '2020-06-30', 'REAPPOINTMENT', 3, '2020-02-10 05:56:08', '2020-02-20 18:43:41'),
(152, 202152, 'CASUAL', 'ADMINISTRATIVE AIDE I', '01-1', 498.00, '2020-01-01', '2020-06-30', 'REAPPOINTMENT', 3, '2020-02-10 05:56:08', '2020-02-20 18:43:42'),
(153, 202153, 'CASUAL', 'ADMINISTRATIVE AIDE I', '01-1', 498.00, '2020-01-01', '2020-06-30', 'REAPPOINTMENT', 3, '2020-02-10 05:56:08', '2020-02-20 18:43:42'),
(154, 202154, 'CASUAL', 'ADMINISTRATIVE AIDE I', '01-1', 498.00, '2020-01-01', '2020-06-30', 'REAPPOINTMENT', 3, '2020-02-10 05:56:08', '2020-02-20 18:43:42'),
(155, 202155, 'CASUAL', 'ADMINISTRATIVE AIDE I', '01-1', 498.00, '2020-01-01', '2020-06-30', 'REAPPOINTMENT', 11, '2020-02-10 05:56:08', '2020-02-20 18:43:42'),
(156, 202156, 'CASUAL', 'ADMINISTRATIVE AIDE I', '01-1', 498.00, '2020-01-01', '2020-06-30', 'REAPPOINTMENT', 11, '2020-02-10 05:56:08', '2020-02-20 18:43:42'),
(157, 202157, 'CASUAL', 'ADMINISTRATIVE AIDE I', '01-1', 498.00, '2020-01-01', '2020-06-30', 'REAPPOINTMENT', 11, '2020-02-10 05:56:08', '2020-02-20 18:43:42'),
(158, 202158, 'CASUAL', 'ADMINISTRATIVE AIDE I', '01-1', 498.00, '2020-01-01', '2020-06-30', 'REAPPOINTMENT', 11, '2020-02-10 05:56:08', '2020-02-20 18:43:42'),
(159, 202159, 'CASUAL', 'ADMINISTRATIVE AIDE I', '01-1', 498.00, '2020-01-01', '2020-06-30', 'REAPPOINTMENT', 11, '2020-02-10 05:56:08', '2020-02-20 18:43:42'),
(160, 202160, 'CASUAL', 'ADMINISTRATIVE AIDE I', '01-1', 498.00, '2020-01-01', '2020-06-30', 'REAPPOINTMENT', 11, '2020-02-10 05:56:08', '2020-02-20 18:43:42'),
(161, 202161, 'CASUAL', 'ADMINISTRATIVE AIDE I', '01-1', 498.00, '2020-01-01', '2020-06-30', 'REAPPOINTMENT', 11, '2020-02-10 05:56:08', '2020-02-20 18:43:42'),
(162, 202162, 'CASUAL', 'ADMINISTRATIVE AIDE I', '01-1', 498.00, '2020-01-01', '2020-06-30', 'REAPPOINTMENT', 11, '2020-02-10 05:56:08', '2020-02-20 18:43:42'),
(163, 202163, 'CASUAL', 'ADMINISTRATIVE AIDE I', '01-1', 498.00, '2020-01-01', '2020-06-30', 'REAPPOINTMENT', 11, '2020-02-10 05:56:08', '2020-02-20 18:43:43'),
(164, 202164, 'CASUAL', 'ADMINISTRATIVE AIDE I', '01-1', 498.00, '2020-01-01', '2020-06-30', 'REAPPOINTMENT', 11, '2020-02-10 05:56:08', '2020-02-20 18:43:43'),
(165, 202165, 'CASUAL', 'ADMINISTRATIVE AIDE I', '01-1', 498.00, '2020-01-01', '2020-06-30', 'REAPPOINTMENT', 11, '2020-02-10 05:56:08', '2020-02-20 18:43:43'),
(166, 202166, 'CASUAL', 'ADMINISTRATIVE AIDE I', '01-1', 498.00, '2020-01-01', '2020-06-30', 'REAPPOINTMENT', 11, '2020-02-10 05:56:08', '2020-02-20 18:43:43'),
(167, 202167, 'CASUAL', 'ADMINISTRATIVE AIDE I', '01-1', 498.00, '2020-01-01', '2020-06-30', 'REAPPOINTMENT', 11, '2020-02-10 05:56:08', '2020-02-20 18:43:43'),
(168, 202168, 'CASUAL', 'ADMINISTRATIVE AIDE I', '01-1', 498.00, '2020-01-01', '2020-06-30', 'REAPPOINTMENT', 11, '2020-02-10 05:56:08', '2020-02-20 18:43:43'),
(169, 202169, 'CASUAL', 'ADMINISTRATIVE AIDE I', '01-1', 498.00, '2020-01-01', '2020-06-30', 'REAPPOINTMENT', 11, '2020-02-10 05:56:08', '2020-02-20 18:43:43'),
(170, 202170, 'CASUAL', 'ADMINISTRATIVE AIDE I', '01-1', 498.00, '2020-01-01', '2020-06-30', 'REAPPOINTMENT', 11, '2020-02-10 05:56:08', '2020-02-20 18:43:43'),
(171, 202171, 'CASUAL', 'ADMINISTRATIVE AIDE I', '01-1', 498.00, '2020-01-01', '2020-06-30', 'REAPPOINTMENT', 11, '2020-02-10 05:56:08', '2020-02-20 18:43:43'),
(172, 202172, 'CASUAL', 'ADMINISTRATIVE AIDE I', '01-1', 498.00, '2020-01-01', '2020-06-30', 'REAPPOINTMENT', 11, '2020-02-10 05:56:08', '2020-02-20 18:43:43'),
(173, 202173, 'CASUAL', 'ADMINISTRATIVE AIDE I', '01-1', 498.00, '2020-01-01', '2020-06-30', 'REAPPOINTMENT', 17, '2020-02-10 05:56:08', '2020-02-20 18:43:43'),
(174, 202174, 'CASUAL', 'ADMINISTRATIVE AIDE I', '01-1', 498.00, '2020-01-01', '2020-06-30', 'REAPPOINTMENT', 17, '2020-02-10 05:56:08', '2020-02-20 18:43:44'),
(175, 202175, 'CASUAL', 'ADMINISTRATIVE AIDE I', '01-1', 498.00, '2020-01-01', '2020-06-30', 'REAPPOINTMENT', 17, '2020-02-10 05:56:08', '2020-02-20 18:43:44'),
(176, 202176, 'CASUAL', 'ADMINISTRATIVE AIDE I', '01-1', 498.00, '2020-01-01', '2020-06-30', 'REAPPOINTMENT', 17, '2020-02-10 05:56:08', '2020-02-20 18:43:44'),
(177, 202177, 'CASUAL', 'ADMINISTRATIVE AIDE I', '01-1', 498.00, '2020-01-01', '2020-06-30', 'REAPPOINTMENT', 17, '2020-02-10 05:56:08', '2020-02-20 18:43:44'),
(178, 202178, 'CASUAL', 'ADMINISTRATIVE AIDE I', '01-1', 498.00, '2020-01-01', '2020-06-30', 'REAPPOINTMENT', 17, '2020-02-10 05:56:08', '2020-02-20 18:43:44'),
(179, 202179, 'CASUAL', 'ADMINISTRATIVE AIDE I', '02-1', 498.00, '2020-01-01', '2020-06-30', 'REAPPOINTMENT', 17, '2020-02-10 05:56:08', '2020-02-20 18:43:44'),
(180, 202180, 'CASUAL', 'ADMINISTRATIVE AIDE I', '01-1', 498.00, '2020-01-01', '2020-06-30', 'REAPPOINTMENT', 20, '2020-02-10 05:56:08', '2020-02-20 18:43:44'),
(181, 202181, 'CASUAL', 'ADMINISTRATIVE AIDE I', '01-1', 498.00, '2020-01-01', '2020-06-30', 'REAPPOINTMENT', 20, '2020-02-10 05:56:08', '2020-02-20 18:43:44'),
(182, 202182, 'CASUAL', 'ADMINISTRATIVE AIDE I', '01-1', 498.00, '2020-01-01', '2020-06-30', 'REAPPOINTMENT', 20, '2020-02-10 05:56:08', '2020-02-20 18:43:44'),
(183, 202183, 'CASUAL', 'ADMINISTRATIVE AIDE I', '01-1', 498.00, '2020-01-01', '2020-06-30', 'REAPPOINTMENT', 20, '2020-02-10 05:56:08', '2020-02-20 18:43:44'),
(184, 202184, 'CASUAL', 'ADMINISTRATIVE AIDE I', '01-1', 498.00, '2020-01-01', '2020-06-30', 'REAPPOINTMENT', 20, '2020-02-10 05:56:08', '2020-02-20 18:43:44'),
(185, 202185, 'CASUAL', 'ADMINISTRATIVE AIDE I', '01-1', 498.00, '2020-01-01', '2020-06-30', 'REAPPOINTMENT', 20, '2020-02-10 05:56:08', '2020-02-20 18:43:44'),
(186, 202186, 'CASUAL', 'ADMINISTRATIVE AIDE I', '01-1', 498.00, '2020-01-01', '2020-06-30', 'REAPPOINTMENT', 20, '2020-02-10 05:56:08', '2020-02-20 18:43:45'),
(187, 202187, 'CASUAL', 'ADMINISTRATIVE AIDE I', '01-1', 498.00, '2020-01-01', '2020-06-30', 'REAPPOINTMENT', 20, '2020-02-10 05:56:08', '2020-02-20 18:43:45'),
(188, 202188, 'CASUAL', 'ADMINISTRATIVE AIDE I', '01-1', 498.00, '2020-01-01', '2020-06-30', 'REAPPOINTMENT', 20, '2020-02-10 05:56:08', '2020-02-20 18:43:45'),
(189, 202189, 'CASUAL', 'ADMINISTRATIVE AIDE I', '01-1', 498.00, '2020-01-01', '2020-06-30', 'REAPPOINTMENT', 20, '2020-02-10 05:56:08', '2020-02-20 18:43:46'),
(190, 202190, 'CASUAL', 'ADMINISTRATIVE AIDE I', '01-1', 498.00, '2020-01-01', '2020-06-30', 'REAPPOINTMENT', 20, '2020-02-10 05:56:08', '2020-02-20 18:43:46'),
(191, 202191, 'CASUAL', 'ADMINISTRATIVE AIDE I', '01-1', 498.00, '2020-01-01', '2020-06-30', 'REAPPOINTMENT', 20, '2020-02-10 05:56:08', '2020-02-20 18:43:46'),
(192, 202192, 'CASUAL', 'ADMINISTRATIVE AIDE I', '01-1', 498.00, '2020-01-01', '2020-06-30', 'REAPPOINTMENT', 20, '2020-02-10 05:56:08', '2020-02-20 18:43:46'),
(193, 202193, 'CASUAL', 'ADMINISTRATIVE AIDE I', '01-1', 498.00, '2020-01-01', '2020-06-30', 'REAPPOINTMENT', 20, '2020-02-10 05:56:08', '2020-02-20 18:43:46'),
(194, 202194, 'CASUAL', 'ADMINISTRATIVE AIDE I', '01-1', 498.00, '2020-01-01', '2020-06-30', 'REAPPOINTMENT', 20, '2020-02-10 05:56:08', '2020-02-20 18:43:46'),
(195, 202195, 'CASUAL', 'ADMINISTRATIVE AIDE I', '01-1', 498.00, '2020-01-01', '2020-06-30', 'REAPPOINTMENT', 20, '2020-02-10 05:56:08', '2020-02-20 18:43:46'),
(196, 202196, 'CASUAL', 'ADMINISTRATIVE AIDE I', '01-1', 498.00, '2020-01-01', '2020-06-30', 'REAPPOINTMENT', 20, '2020-02-10 05:56:08', '2020-02-20 18:43:47'),
(197, 202197, 'CASUAL', 'ADMINISTRATIVE AIDE I', '01-1', 498.00, '2020-01-01', '2020-06-30', 'REAPPOINTMENT', 20, '2020-02-10 05:56:08', '2020-02-20 18:43:47'),
(198, 202198, 'CASUAL', 'ADMINISTRATIVE AIDE I', '01-1', 498.00, '2020-01-01', '2020-06-30', 'REAPPOINTMENT', 20, '2020-02-10 05:56:08', '2020-02-20 18:43:47'),
(199, 202199, 'CASUAL', 'ADMINISTRATIVE AIDE I', '01-1', 498.00, '2020-01-01', '2020-06-30', 'REAPPOINTMENT', 20, '2020-02-10 05:56:08', '2020-02-20 18:43:47'),
(200, 202200, 'CASUAL', 'ADMINISTRATIVE AIDE I', '01-1', 498.00, '2020-01-01', '2020-06-30', 'REAPPOINTMENT', 20, '2020-02-10 05:56:08', '2020-02-20 18:43:47'),
(201, 202201, 'CASUAL', 'ADMINISTRATIVE AIDE I', '01-1', 498.00, '2020-01-01', '2020-06-30', 'REAPPOINTMENT', 20, '2020-02-10 05:56:08', '2020-02-20 18:43:47'),
(202, 202202, 'CASUAL', 'ADMINISTRATIVE AIDE I', '01-1', 498.00, '2020-01-01', '2020-06-30', 'REAPPOINTMENT', 20, '2020-02-10 05:56:08', '2020-02-20 18:43:47'),
(203, 202203, 'CASUAL', 'ADMINISTRATIVE AIDE I', '01-1', 498.00, '2020-01-01', '2020-06-30', 'REAPPOINTMENT', 20, '2020-02-10 05:56:08', '2020-02-20 18:43:47'),
(204, 202204, 'CASUAL', 'ADMINISTRATIVE AIDE I', '01-1', 498.00, '2020-01-01', '2020-06-30', 'REAPPOINTMENT', 20, '2020-02-10 05:56:08', '2020-02-20 18:43:48'),
(205, 202205, 'CASUAL', 'ADMINISTRATIVE AIDE I', '01-1', 498.00, '2020-01-01', '2020-06-30', 'REAPPOINTMENT', 20, '2020-02-10 05:56:08', '2020-02-20 18:43:48'),
(206, 202206, 'CASUAL', 'ADMINISTRATIVE AIDE I', '01-1', 498.00, '2020-01-01', '2020-06-30', 'REAPPOINTMENT', 20, '2020-02-10 05:56:08', '2020-02-20 18:43:48'),
(207, 202207, 'CASUAL', 'ADMINISTRATIVE AIDE I', '01-1', 498.00, '2020-01-01', '2020-06-30', 'REAPPOINTMENT', 20, '2020-02-10 05:56:08', '2020-02-20 18:43:48'),
(208, 202208, 'CASUAL', 'ADMINISTRATIVE AIDE I', '01-1', 498.00, '2020-01-01', '2020-06-30', 'REAPPOINTMENT', 20, '2020-02-10 05:56:08', '2020-02-20 18:43:48'),
(209, 202209, 'CASUAL', 'ADMINISTRATIVE AIDE I', '01-1', 498.00, '2020-01-01', '2020-06-30', 'REAPPOINTMENT', 20, '2020-02-10 05:56:08', '2020-02-20 18:43:48'),
(210, 202210, 'CASUAL', 'ADMINISTRATIVE AIDE I', '01-1', 498.00, '2020-01-01', '2020-06-30', 'REAPPOINTMENT', 20, '2020-02-10 05:56:08', '2020-02-20 18:43:48'),
(211, 202211, 'CASUAL', 'ADMINISTRATIVE AIDE I', '01-1', 498.00, '2020-01-01', '2020-06-30', 'REAPPOINTMENT', 20, '2020-02-10 05:56:08', '2020-02-20 18:43:48'),
(212, 202212, 'CASUAL', 'ADMINISTRATIVE AIDE I', '01-1', 498.00, '2020-01-01', '2020-06-30', 'REAPPOINTMENT', 20, '2020-02-10 05:56:08', '2020-02-20 18:43:48'),
(213, 202213, 'CASUAL', 'ADMINISTRATIVE AIDE I', '01-1', 498.00, '2020-01-01', '2020-06-30', 'REAPPOINTMENT', 20, '2020-02-10 05:56:08', '2020-02-20 18:43:48'),
(214, 202214, 'CASUAL', 'ADMINISTRATIVE AIDE I', '01-1', 498.00, '2020-01-01', '2020-06-30', 'REAPPOINTMENT', 9, '2020-02-10 05:56:08', '2020-02-20 18:43:48'),
(215, 202215, 'CASUAL', 'ADMINISTRATIVE AIDE I', '01-1', 498.00, '2020-01-01', '2020-06-30', 'REAPPOINTMENT', 9, '2020-02-10 05:56:08', '2020-02-20 18:43:48'),
(216, 202216, 'CASUAL', 'ADMINISTRATIVE AIDE I', '01-1', 498.00, '2020-01-01', '2020-06-30', 'REAPPOINTMENT', 9, '2020-02-10 05:56:08', '2020-02-20 18:43:48'),
(217, 202217, 'CASUAL', 'ADMINISTRATIVE AIDE I', '01-1', 498.00, '2020-01-01', '2020-06-30', 'REAPPOINTMENT', 9, '2020-02-10 05:56:08', '2020-02-20 18:43:49'),
(218, 202218, 'CASUAL', 'ADMINISTRATIVE AIDE I', '01-1', 498.00, '2020-01-01', '2020-06-30', 'REAPPOINTMENT', 9, '2020-02-10 05:56:08', '2020-02-20 18:43:49'),
(219, 202219, 'CASUAL', 'ADMINISTRATIVE AIDE I', '01-1', 498.00, '2020-01-01', '2020-06-30', 'REAPPOINTMENT', 9, '2020-02-10 05:56:08', '2020-02-20 18:43:49'),
(220, 202220, 'CASUAL', 'ADMINISTRATIVE AIDE I', '01-1', 498.00, '2020-01-01', '2020-06-30', 'REAPPOINTMENT', 9, '2020-02-10 05:56:08', '2020-02-20 18:43:49'),
(221, 202221, 'CASUAL', 'ADMINISTRATIVE AIDE I', '01-1', 498.00, '2020-01-01', '2020-06-30', 'REAPPOINTMENT', 9, '2020-02-10 05:56:08', '2020-02-20 18:43:49'),
(222, 202222, 'CASUAL', 'ADMINISTRATIVE AIDE I', '01-1', 498.00, '2020-01-01', '2020-06-30', 'REAPPOINTMENT', 9, '2020-02-10 05:56:08', '2020-02-20 18:43:49'),
(223, 202223, 'CASUAL', 'ADMINISTRATIVE AIDE I', '01-1', 498.00, '2020-01-01', '2020-06-30', 'REAPPOINTMENT', 9, '2020-02-10 05:56:08', '2020-02-20 18:43:49'),
(224, 202224, 'CASUAL', 'ADMINISTRATIVE AIDE I', '01-1', 498.00, '2020-01-01', '2020-06-30', 'REAPPOINTMENT', 9, '2020-02-10 05:56:08', '2020-02-20 18:43:49'),
(225, 202225, 'CASUAL', 'ADMINISTRATIVE AIDE I', '01-1', 498.00, '2020-01-01', '2020-06-30', 'REAPPOINTMENT', 9, '2020-02-10 05:56:08', '2020-02-20 18:43:49'),
(226, 202226, 'CASUAL', 'ADMINISTRATIVE AIDE I', '01-1', 498.00, '2020-01-01', '2020-06-30', 'REAPPOINTMENT', 9, '2020-02-10 05:56:08', '2020-02-20 18:43:49'),
(227, 202227, 'CASUAL', 'ADMINISTRATIVE AIDE I', '01-1', 498.00, '2020-01-01', '2020-06-30', 'REAPPOINTMENT', 9, '2020-02-10 05:56:08', '2020-02-20 18:43:49'),
(228, 202228, 'CASUAL', 'ADMINISTRATIVE AIDE I', '01-1', 498.00, '2020-01-01', '2020-06-30', 'REAPPOINTMENT', 9, '2020-02-10 05:56:08', '2020-02-20 18:43:49'),
(229, 202229, 'CASUAL', 'ADMINISTRATIVE AIDE I', '01-1', 498.00, '2020-01-01', '2020-06-30', 'REAPPOINTMENT', 9, '2020-02-10 05:56:08', '2020-02-20 18:43:50'),
(230, 202230, 'CASUAL', 'ADMINISTRATIVE AIDE I', '01-1', 498.00, '2020-01-01', '2020-06-30', 'REAPPOINTMENT', 9, '2020-02-10 05:56:08', '2020-02-20 18:43:50'),
(231, 202231, 'CASUAL', 'ADMINISTRATIVE AIDE I', '01-1', 498.00, '2020-01-01', '2020-06-30', 'REAPPOINTMENT', 9, '2020-02-10 05:56:08', '2020-02-20 18:43:50'),
(232, 202232, 'CASUAL', 'ADMINISTRATIVE AIDE I', '01-1', 498.00, '2020-01-01', '2020-06-30', 'REAPPOINTMENT', 9, '2020-02-10 05:56:08', '2020-02-20 18:43:50'),
(233, 202233, 'CASUAL', 'ADMINISTRATIVE AIDE I', '01-1', 498.00, '2020-01-01', '2020-06-30', 'REAPPOINTMENT', 9, '2020-02-10 05:56:08', '2020-02-20 18:43:50'),
(234, 202234, 'CASUAL', 'ADMINISTRATIVE AIDE I', '01-1', 498.00, '2020-01-01', '2020-06-30', 'REAPPOINTMENT', 9, '2020-02-10 05:56:08', '2020-02-20 18:43:50'),
(235, 202235, 'CASUAL', 'ADMINISTRATIVE AIDE I', '01-1', 498.00, '2020-01-01', '2020-06-30', 'REAPPOINTMENT', 9, '2020-02-10 05:56:08', '2020-02-20 18:43:50'),
(236, 202236, 'CASUAL', 'ADMINISTRATIVE AIDE I', '01-1', 498.00, '2020-01-01', '2020-06-30', 'REAPPOINTMENT', 9, '2020-02-10 05:56:08', '2020-02-20 18:43:50'),
(237, 202237, 'CASUAL', 'ADMINISTRATIVE AIDE I', '01-1', 498.00, '2020-01-01', '2020-06-30', 'REAPPOINTMENT', 10, '2020-02-10 05:56:08', '2020-02-20 18:43:50'),
(238, 202238, 'CASUAL', 'ADMINISTRATIVE AIDE I', '01-1', 498.00, '2020-01-01', '2020-06-30', 'REAPPOINTMENT', 10, '2020-02-10 05:56:08', '2020-02-20 18:43:50'),
(239, 202239, 'CASUAL', 'ADMINISTRATIVE AIDE I', '01-1', 498.00, '2020-01-01', '2020-06-30', 'REAPPOINTMENT', 10, '2020-02-10 05:56:08', '2020-02-20 18:43:50'),
(240, 202240, 'CASUAL', 'ADMINISTRATIVE AIDE I', '01-1', 498.00, '2020-01-01', '2020-06-30', 'REAPPOINTMENT', 10, '2020-02-10 05:56:08', '2020-02-20 18:43:50'),
(241, 202241, 'CASUAL', 'ADMINISTRATIVE AIDE I', '01-1', 498.00, '2020-01-01', '2020-06-30', 'REAPPOINTMENT', 10, '2020-02-10 05:56:08', '2020-02-20 18:43:51'),
(242, 202242, 'CASUAL', 'ADMINISTRATIVE AIDE I', '01-1', 498.00, '2020-01-01', '2020-06-30', 'REAPPOINTMENT', 10, '2020-02-10 05:56:08', '2020-02-20 18:43:51'),
(243, 202243, 'CASUAL', 'ADMINISTRATIVE AIDE I', '01-1', 498.00, '2020-01-01', '2020-06-30', 'REAPPOINTMENT', 10, '2020-02-10 05:56:08', '2020-02-20 18:43:51'),
(244, 202244, 'CASUAL', 'ADMINISTRATIVE AIDE I', '01-1', 498.00, '2020-01-01', '2020-06-30', 'REAPPOINTMENT', 10, '2020-02-10 05:56:08', '2020-02-20 18:43:51'),
(245, 202245, 'CASUAL', 'ADMINISTRATIVE AIDE I', '01-1', 498.00, '2020-01-01', '2020-06-30', 'REAPPOINTMENT', 10, '2020-02-10 05:56:08', '2020-02-20 18:43:51'),
(246, 202246, 'CASUAL', 'ADMINISTRATIVE AIDE I', '01-1', 498.00, '2020-01-01', '2020-06-30', 'REAPPOINTMENT', 10, '2020-02-10 05:56:08', '2020-02-20 18:43:52'),
(247, 202247, 'CASUAL', 'ADMINISTRATIVE AIDE I', '01-1', 498.00, '2020-01-01', '2020-06-30', 'REAPPOINTMENT', 10, '2020-02-10 05:56:08', '2020-02-20 18:43:52'),
(248, 202248, 'CASUAL', 'ADMINISTRATIVE AIDE I', '01-1', 498.00, '2020-01-01', '2020-06-30', 'REAPPOINTMENT', 10, '2020-02-10 05:56:08', '2020-02-20 18:43:52'),
(249, 202249, 'CASUAL', 'ADMINISTRATIVE AIDE I', '01-1', 498.00, '2020-01-01', '2020-06-30', 'REAPPOINTMENT', 10, '2020-02-10 05:56:08', '2020-02-20 18:43:52'),
(250, 202250, 'CASUAL', 'ADMINISTRATIVE AIDE I', '01-1', 498.00, '2020-01-01', '2020-06-30', 'REAPPOINTMENT', 10, '2020-02-10 05:56:08', '2020-02-20 18:43:52'),
(251, 202251, 'CASUAL', 'ADMINISTRATIVE AIDE I', '01-1', 498.00, '2020-01-01', '2020-06-30', 'REAPPOINTMENT', 10, '2020-02-10 05:56:08', '2020-02-20 18:43:52'),
(252, 202252, 'CASUAL', 'ADMINISTRATIVE AIDE I', '01-1', 498.00, '2020-01-01', '2020-06-30', 'REAPPOINTMENT', 10, '2020-02-10 05:56:08', '2020-02-20 18:43:52'),
(253, 202253, 'CASUAL', 'ADMINISTRATIVE AIDE I', '01-1', 498.00, '2020-01-01', '2020-06-30', 'REAPPOINTMENT', 10, '2020-02-10 05:56:08', '2020-02-20 18:43:52'),
(254, 202254, 'CASUAL', 'ADMINISTRATIVE AIDE I', '01-1', 498.00, '2020-01-01', '2020-06-30', 'REAPPOINTMENT', 10, '2020-02-10 05:56:08', '2020-02-20 18:43:52'),
(255, 202255, 'CASUAL', 'ADMINISTRATIVE AIDE I', '01-1', 498.00, '2020-01-01', '2020-06-30', 'REAPPOINTMENT', 10, '2020-02-10 05:56:08', '2020-02-20 18:43:52'),
(256, 202256, 'CASUAL', 'ADMINISTRATIVE AIDE I', '01-1', 498.00, '2020-01-01', '2020-06-30', 'REAPPOINTMENT', 10, '2020-02-10 05:56:08', '2020-02-20 18:43:52'),
(257, 202257, 'CASUAL', 'ADMINISTRATIVE AIDE I', '01-1', 498.00, '2020-01-01', '2020-06-30', 'REAPPOINTMENT', 10, '2020-02-10 05:56:08', '2020-02-20 18:43:52'),
(258, 202258, 'CASUAL', 'ADMINISTRATIVE AIDE I', '01-1', 498.00, '2020-01-01', '2020-06-30', 'REAPPOINTMENT', 10, '2020-02-10 05:56:08', '2020-02-20 18:43:53'),
(259, 202259, 'CASUAL', 'ADMINISTRATIVE AIDE I', '01-1', 498.00, '2020-01-01', '2020-06-30', 'REAPPOINTMENT', 10, '2020-02-10 05:56:08', '2020-02-20 18:43:53'),
(260, 202260, 'CASUAL', 'ADMINISTRATIVE AIDE I', '01-1', 498.00, '2020-01-01', '2020-06-30', 'REAPPOINTMENT', 10, '2020-02-10 05:56:08', '2020-02-20 18:43:53'),
(261, 202261, 'CASUAL', 'ADMINISTRATIVE AIDE I', '01-1', 498.00, '2020-01-01', '2020-06-30', 'REAPPOINTMENT', 10, '2020-02-10 05:56:08', '2020-02-20 18:43:53'),
(262, 202262, 'CASUAL', 'ADMINISTRATIVE AIDE I', '01-1', 498.00, '2020-01-01', '2020-06-30', 'REAPPOINTMENT', 32, '2020-02-10 05:56:08', '2020-02-20 18:43:53'),
(263, 202263, 'CASUAL', 'ADMINISTRATIVE AIDE I', '01-1', 498.00, '2020-01-01', '2020-06-30', 'REAPPOINTMENT', 32, '2020-02-10 05:56:08', '2020-02-20 18:43:53'),
(264, 202264, 'CASUAL', 'ADMINISTRATIVE AIDE I', '01-1', 498.00, '2020-01-01', '2020-06-30', 'REAPPOINTMENT', 32, '2020-02-10 05:56:08', '2020-02-20 18:43:53'),
(265, 202265, 'CASUAL', 'ADMINISTRATIVE AIDE I', '01-1', 498.00, '2020-01-01', '2020-06-30', 'REAPPOINTMENT', 32, '2020-02-10 05:56:08', '2020-02-20 18:43:53'),
(266, 202266, 'CASUAL', 'ADMINISTRATIVE AIDE I', '01-1', 498.00, '2020-01-01', '2020-06-30', 'REAPPOINTMENT', 32, '2020-02-10 05:56:08', '2020-02-20 18:43:53'),
(267, 202267, 'CASUAL', 'ADMINISTRATIVE AIDE I', '01-1', 498.00, '2020-01-01', '2020-06-30', 'REAPPOINTMENT', 32, '2020-02-10 05:56:08', '2020-02-20 18:43:53'),
(268, 202268, 'CASUAL', 'ADMINISTRATIVE AIDE I', '01-1', 498.00, '2020-01-01', '2020-06-30', 'REAPPOINTMENT', 32, '2020-02-10 05:56:08', '2020-02-20 18:43:53'),
(269, 202269, 'CASUAL', 'ADMINISTRATIVE AIDE I', '01-1', 498.00, '2020-01-01', '2020-06-30', 'REAPPOINTMENT', 32, '2020-02-10 05:56:08', '2020-02-20 18:43:53'),
(270, 202270, 'CASUAL', 'ADMINISTRATIVE AIDE I', '01-1', 498.00, '2020-01-01', '2020-06-30', 'REAPPOINTMENT', 32, '2020-02-10 05:56:08', '2020-02-20 18:43:53'),
(271, 202271, 'CASUAL', 'ADMINISTRATIVE AIDE I', '01-1', 498.00, '2020-01-01', '2020-06-30', 'REAPPOINTMENT', 32, '2020-02-10 05:56:08', '2020-02-20 18:43:53'),
(272, 202272, 'CASUAL', 'ADMINISTRATIVE AIDE I', '01-1', 498.00, '2020-01-01', '2020-06-30', 'REAPPOINTMENT', 32, '2020-02-10 05:56:08', '2020-02-20 18:43:54'),
(273, 202273, 'CASUAL', 'ADMINISTRATIVE AIDE I', '01-1', 498.00, '2020-01-01', '2020-06-30', 'REAPPOINTMENT', 32, '2020-02-10 05:56:08', '2020-02-20 18:43:54'),
(274, 202274, 'CASUAL', 'ADMINISTRATIVE AIDE I', '01-1', 498.00, '2020-01-01', '2020-06-30', 'REAPPOINTMENT', 32, '2020-02-10 05:56:08', '2020-02-20 18:43:54'),
(275, 202275, 'CASUAL', 'ADMINISTRATIVE AIDE I', '01-1', 498.00, '2020-01-01', '2020-06-30', 'REAPPOINTMENT', 8, '2020-02-10 05:56:08', '2020-02-20 18:43:54'),
(276, 202276, 'CASUAL', 'ADMINISTRATIVE AIDE I', '01-1', 498.00, '2020-01-01', '2020-06-30', 'REAPPOINTMENT', 8, '2020-02-10 05:56:08', '2020-02-20 18:43:54'),
(277, 202277, 'CASUAL', 'ADMINISTRATIVE AIDE I', '01-1', 498.00, '2020-01-01', '2020-06-30', 'REAPPOINTMENT', 28, '2020-02-10 05:56:08', '2020-02-20 18:43:54'),
(278, 202278, 'CASUAL', 'ADMINISTRATIVE AIDE I', '01-1', 498.00, '2020-01-01', '2020-06-30', 'REAPPOINTMENT', 28, '2020-02-10 05:56:08', '2020-02-20 18:43:54'),
(279, 202279, 'CASUAL', 'ADMINISTRATIVE AIDE I', '01-1', 498.00, '2020-01-01', '2020-06-30', 'REAPPOINTMENT', 28, '2020-02-10 05:56:08', '2020-02-20 18:43:54'),
(280, 202280, 'CASUAL', 'ADMINISTRATIVE AIDE I', '01-1', 498.00, '2020-01-01', '2020-06-30', 'REAPPOINTMENT', 28, '2020-02-10 05:56:08', '2020-02-20 18:43:54'),
(281, 202281, 'CASUAL', 'ADMINISTRATIVE AIDE I', '01-1', 498.00, '2020-01-01', '2020-06-30', 'REAPPOINTMENT', 28, '2020-02-10 05:56:08', '2020-02-20 18:43:54'),
(282, 202282, 'CASUAL', 'ADMINISTRATIVE AIDE I', '01-1', 498.00, '2020-01-01', '2020-06-30', 'REAPPOINTMENT', 28, '2020-02-10 05:56:08', '2020-02-20 18:43:54'),
(283, 202283, 'CASUAL', 'ADMINISTRATIVE AIDE I', '01-1', 498.00, '2020-01-01', '2020-06-30', 'REAPPOINTMENT', 28, '2020-02-10 05:56:08', '2020-02-20 18:43:54'),
(284, 202284, 'CASUAL', 'ADMINISTRATIVE AIDE I', '01-1', 498.00, '2020-01-01', '2020-06-30', 'REAPPOINTMENT', 28, '2020-02-10 05:56:08', '2020-02-20 18:43:54'),
(285, 202285, 'CASUAL', 'ADMINISTRATIVE AIDE I', '01-1', 498.00, '2020-01-01', '2020-06-30', 'REAPPOINTMENT', 28, '2020-02-10 05:56:08', '2020-02-20 18:43:54'),
(286, 202286, 'CASUAL', 'ADMINISTRATIVE AIDE I', '01-1', 498.00, '2020-01-01', '2020-06-30', 'REAPPOINTMENT', 24, '2020-02-10 05:56:08', '2020-02-20 18:43:54'),
(287, 202287, 'CASUAL', 'ADMINISTRATIVE AIDE I', '01-1', 498.00, '2020-01-01', '2020-06-30', 'REAPPOINTMENT', 24, '2020-02-10 05:56:08', '2020-02-20 18:43:54'),
(288, 202288, 'CASUAL', 'ADMINISTRATIVE AIDE I', '01-1', 498.00, '2020-01-01', '2020-06-30', 'REAPPOINTMENT', 24, '2020-02-10 05:56:08', '2020-02-20 18:43:54'),
(289, 202289, 'CASUAL', 'ADMINISTRATIVE AIDE I', '01-1', 498.00, '2020-01-01', '2020-06-30', 'REAPPOINTMENT', 24, '2020-02-10 05:56:08', '2020-02-20 18:43:55'),
(290, 202290, 'CASUAL', 'ADMINISTRATIVE AIDE I', '01-1', 498.00, '2020-01-01', '2020-06-30', 'REAPPOINTMENT', 24, '2020-02-10 05:56:08', '2020-02-20 18:43:55'),
(291, 202291, 'CASUAL', 'ADMINISTRATIVE AIDE I', '01-1', 498.00, '2020-01-01', '2020-06-30', 'REAPPOINTMENT', 24, '2020-02-10 05:56:08', '2020-02-20 18:43:55'),
(292, 202292, 'CASUAL', 'ADMINISTRATIVE AIDE I', '01-1', 498.00, '2020-01-01', '2020-06-30', 'REAPPOINTMENT', 24, '2020-02-10 05:56:08', '2020-02-20 18:43:55'),
(293, 202293, 'CASUAL', 'ADMINISTRATIVE AIDE I', '01-1', 498.00, '2020-01-01', '2020-06-30', 'REAPPOINTMENT', 30, '2020-02-10 05:56:08', '2020-02-20 18:43:55'),
(294, 202294, 'CASUAL', 'ADMINISTRATIVE AIDE I', '01-1', 498.00, '2020-01-01', '2020-06-30', 'REAPPOINTMENT', 30, '2020-02-10 05:56:08', '2020-02-20 18:43:55'),
(295, 202295, 'CASUAL', 'ADMINISTRATIVE AIDE I', '01-1', 498.00, '2020-01-01', '2020-06-30', 'REAPPOINTMENT', 29, '2020-02-10 05:56:08', '2020-02-20 18:43:55'),
(296, 202296, 'CASUAL', 'ADMINISTRATIVE AIDE I', '01-1', 498.00, '2020-01-01', '2020-06-30', 'REAPPOINTMENT', 27, '2020-02-10 05:56:08', '2020-02-20 18:43:55'),
(297, 202297, 'CASUAL', 'ADMINISTRATIVE AIDE I', '01-1', 498.00, '2020-01-01', '2020-06-30', 'REAPPOINTMENT', 27, '2020-02-10 05:56:08', '2020-02-20 18:43:55'),
(298, 202298, 'CASUAL', 'ADMINISTRATIVE AIDE I', '01-1', 498.00, '2020-01-01', '2020-06-30', 'REAPPOINTMENT', 23, '2020-02-10 05:56:08', '2020-02-20 18:43:55'),
(299, 202299, 'CASUAL', 'ADMINISTRATIVE AIDE I', '01-1', 498.00, '2020-01-01', '2020-06-30', 'REAPPOINTMENT', 31, '2020-02-10 05:56:08', '2020-02-20 18:43:55'),
(300, 202300, 'CASUAL', 'ADMINISTRATIVE AIDE I', '01-1', 498.00, '2020-01-01', '2020-06-30', 'REAPPOINTMENT', 13, '2020-02-10 05:56:08', '2020-02-20 18:43:55'),
(301, 202301, 'CASUAL', 'ADMINISTRATIVE AIDE I', '01-1', 498.00, '2020-01-01', '2020-06-30', 'REAPPOINTMENT', 21, '2020-02-10 05:56:08', '2020-02-20 18:43:55'),
(302, 202302, 'CASUAL', 'ADMINISTRATIVE AIDE I', '01-1', 498.00, '2020-01-01', '2020-06-30', 'REAPPOINTMENT', 21, '2020-02-10 05:56:08', '2020-02-20 18:43:55'),
(303, 202303, 'CASUAL', 'ADMINISTRATIVE AIDE I', '01-1', 498.00, '2020-01-01', '2020-06-30', 'REAPPOINTMENT', 4, '2020-02-10 05:56:08', '2020-02-20 18:43:55'),
(304, 202304, 'CASUAL', 'ADMINISTRATIVE AIDE I', '01-1', 498.00, '2020-01-01', '2020-06-30', 'REAPPOINTMENT', 5, '2020-02-10 05:56:08', '2020-02-20 18:43:56'),
(305, 202305, 'CASUAL', 'ADMINISTRATIVE AIDE I', '01-1', 498.00, '2020-01-01', '2020-06-30', 'REAPPOINTMENT', 16, '2020-02-10 05:56:08', '2020-02-20 18:43:56'),
(306, 202306, 'CASUAL', 'ADMINISTRATIVE AIDE I', '01-1', 498.00, '2020-01-01', '2020-06-30', 'REAPPOINTMENT', 22, '2020-02-10 05:56:08', '2020-02-20 18:43:56'),
(307, 202307, 'CASUAL', 'ADMINISTRATIVE AIDE I', '01-1', 498.00, '2020-01-01', '2020-06-30', 'REAPPOINTMENT', 22, '2020-02-10 05:56:08', '2020-02-20 18:43:56'),
(308, 202308, 'CASUAL', 'ADMINISTRATIVE AIDE I', '01-1', 498.00, '2020-01-01', '2020-06-30', 'REAPPOINTMENT', 22, '2020-02-10 05:56:08', '2020-02-20 18:43:56'),
(309, 202309, 'CASUAL', 'ADMINISTRATIVE AIDE I', '01-1', 498.00, '2020-01-01', '2020-06-30', 'REAPPOINTMENT', 22, '2020-02-10 05:56:08', '2020-02-20 18:43:56'),
(310, 202310, 'CASUAL', 'ADMINISTRATIVE AIDE I', '01-1', 498.00, '2020-01-01', '2020-06-30', 'REAPPOINTMENT', 6, '2020-02-10 05:56:08', '2020-02-20 18:43:56'),
(311, 202311, 'CASUAL', 'ADMINISTRATIVE AIDE I', '01-1', 498.00, '2020-01-01', '2020-06-30', 'REAPPOINTMENT', 6, '2020-02-10 05:56:08', '2020-02-20 18:43:56');

-- --------------------------------------------------------

--
-- Table structure for table `casuals`
--

CREATE TABLE `casuals` (
  `id` bigint(20) UNSIGNED NOT NULL,
  `last_name` varchar(191) COLLATE utf8mb4_unicode_ci NOT NULL,
  `first_name` varchar(191) COLLATE utf8mb4_unicode_ci NOT NULL,
  `ext_name` varchar(191) COLLATE utf8mb4_unicode_ci DEFAULT NULL,
  `middle_name` varchar(191) COLLATE utf8mb4_unicode_ci DEFAULT NULL,
  `position_title` varchar(191) COLLATE utf8mb4_unicode_ci NOT NULL,
  `sg` varchar(191) COLLATE utf8mb4_unicode_ci NOT NULL,
  `daily_wage` double(8,2) NOT NULL,
  `from_date` varchar(191) COLLATE utf8mb4_unicode_ci NOT NULL,
  `to_date` varchar(191) COLLATE utf8mb4_unicode_ci NOT NULL,
  `nature_of_appointment` varchar(191) COLLATE utf8mb4_unicode_ci NOT NULL,
  `office` varchar(191) COLLATE utf8mb4_unicode_ci NOT NULL,
  `created_at` timestamp NULL DEFAULT NULL,
  `updated_at` timestamp NULL DEFAULT NULL
) ENGINE=InnoDB DEFAULT CHARSET=utf8mb4 COLLATE=utf8mb4_unicode_ci;

-- --------------------------------------------------------

--
-- Table structure for table `casual_appointments`
--

CREATE TABLE `casual_appointments` (
  `id` bigint(20) UNSIGNED NOT NULL,
  `employees_id` bigint(20) UNSIGNED NOT NULL,
  `position_title` varchar(191) COLLATE utf8mb4_unicode_ci NOT NULL,
  `sg` varchar(191) COLLATE utf8mb4_unicode_ci NOT NULL,
  `daily_wage` double(10,2) NOT NULL,
  `from_date` varchar(191) COLLATE utf8mb4_unicode_ci NOT NULL,
  `to_date` varchar(191) COLLATE utf8mb4_unicode_ci DEFAULT NULL,
  `nature_of_appointment` varchar(191) COLLATE utf8mb4_unicode_ci NOT NULL,
  `office` varchar(191) COLLATE utf8mb4_unicode_ci NOT NULL,
  `created_at` timestamp NULL DEFAULT NULL,
  `updated_at` timestamp NULL DEFAULT NULL
) ENGINE=InnoDB DEFAULT CHARSET=utf8mb4 COLLATE=utf8mb4_unicode_ci;

-- --------------------------------------------------------

--
-- Table structure for table `departments`
--

CREATE TABLE `departments` (
  `id` bigint(20) UNSIGNED NOT NULL,
  `name` varchar(191) COLLATE utf8mb4_unicode_ci NOT NULL,
  `short_name` varchar(191) COLLATE utf8mb4_unicode_ci DEFAULT NULL,
  `created_at` timestamp NULL DEFAULT NULL,
  `updated_at` timestamp NULL DEFAULT NULL
) ENGINE=InnoDB DEFAULT CHARSET=utf8mb4 COLLATE=utf8mb4_unicode_ci;

--
-- Dumping data for table `departments`
--

INSERT INTO `departments` (`id`, `name`, `short_name`, `created_at`, `updated_at`) VALUES
(1, 'CITY ACCOUNTING OFFICE', 'ACC', '2020-02-10 06:01:48', '2020-02-10 06:01:48'),
(2, 'CITY ADMINISTRATATOR\'S OFFICE', 'ADMIN', '2020-02-10 06:01:48', '2020-02-10 06:01:48'),
(3, 'CITY ASSESSOR\'S OFFICE', 'CAO', '2020-02-10 06:01:48', '2020-02-10 06:01:48'),
(4, 'BAYAWAN DISTRICT HOSPITAL', 'BDH', '2020-02-10 06:01:48', '2020-02-10 06:01:48'),
(5, 'BUREAU OF INTERNAL REVENUE', 'BIR', '2020-02-10 06:01:48', '2020-02-10 06:01:48'),
(6, 'BAYAWAN NATIONAL HIGH SCHOOL', 'BNHS', '2020-02-10 06:01:48', '2020-02-10 06:01:48'),
(7, 'CITY BUDGET OFFICE', 'CBO', '2020-02-10 06:01:48', '2020-02-10 06:01:48'),
(8, 'CITY COOPERATIVE & MANPOWER DEVELOPMENT OFFICE', 'CCMDO', '2020-02-10 06:01:48', '2020-02-10 06:01:48'),
(9, 'CITY ENVIRONMENT AND NATURAL RESOURCES OFFICE', 'CENRO', '2020-02-10 06:01:48', '2020-02-10 06:01:48'),
(10, 'CITY ENGINEERING OFFICE', 'CEO', '2020-02-10 06:01:48', '2020-02-10 06:01:48'),
(11, 'CITY HEALTH OFFICE', 'CHO', '2020-02-10 06:01:48', '2020-02-10 06:01:48'),
(12, 'CITY MAYOR\'S OFFICE', 'CMO', '2020-02-10 06:01:48', '2020-02-10 06:01:48'),
(13, 'COMMISSION ON ELECTION', 'COMELEC', '2020-02-10 06:01:48', '2020-02-10 06:01:48'),
(14, 'CITY PLANNING AND DEVELOPMENT OFFICE', 'CPDO', '2020-02-10 06:01:48', '2020-02-10 06:01:48'),
(15, 'CITY PUBLIC SAFETY OFFICE', 'CPSO', '2020-02-10 06:01:48', '2020-02-10 06:01:48'),
(16, 'CIVIL SERVICE COMMISSION', 'CSC', '2020-02-10 06:01:48', '2020-02-10 06:01:48'),
(17, 'CITY SOCIAL WELFARE DEVELOPMENT OFFICE', 'CSWDO', '2020-02-10 06:01:48', '2020-02-10 06:01:48'),
(18, 'CITY TREASURY OFFICE', 'CTO', '2020-02-10 06:01:48', '2020-02-10 06:01:48'),
(19, 'CITY VICE MAYOR\'S OFFICE', 'CVM', '2020-02-10 06:01:48', '2020-02-10 06:01:48'),
(20, 'CITY AGRICULTURE\'S OFFICE', 'DA', '2020-02-10 06:01:48', '2020-02-10 06:01:48'),
(21, 'DEPARTMENT OF ENVIRONMENT AND NATURAL RESOURCES', 'DENR', '2020-02-10 06:01:48', '2020-02-10 06:01:48'),
(22, 'DEPARTMENT OF EDUCATION', 'DEPED', '2020-02-10 06:01:48', '2020-02-10 06:01:48'),
(23, 'DEPARTMENT OF THE INTERIOR AND LOCAL GOVERNMENT', 'DILG', '2020-02-10 06:01:48', '2020-02-10 06:01:48'),
(24, 'BUREAU OF FIRE PROTECTION', 'BFP', '2020-02-10 06:01:48', '2020-02-10 06:01:48'),
(25, 'GENERAL SERVICES OFFICE', 'GSO', '2020-02-10 06:01:48', '2020-02-10 06:01:48'),
(26, 'LOCAL CITY REGISTRAR\'S OFFICE', 'LCR', '2020-02-10 06:01:48', '2020-02-10 06:01:48'),
(27, 'LIGA NG BARANGAY', 'LIGA', '2020-02-10 06:01:48', '2020-02-10 06:01:48'),
(28, 'PUBLIC MARKET OFFICE', 'MARKET', '2020-02-10 06:01:48', '2020-02-10 06:01:48'),
(29, 'PAROLE & PROBATION OFFICE', 'PAROLE', '2020-02-10 06:01:48', '2020-02-10 06:01:48'),
(30, 'PHILIPPINE NATIONAL POLICE', 'PNP', '2020-02-10 06:01:48', '2020-02-10 06:01:48'),
(31, 'POST OFFICE', 'POSTOFFICE', '2020-02-10 06:01:48', '2020-02-10 06:01:48'),
(32, 'CITY VETERINARY OFFICE', 'VET', '2020-02-10 06:01:48', '2020-02-10 06:01:48');

-- --------------------------------------------------------

--
-- Table structure for table `employees`
--

CREATE TABLE `employees` (
  `id` bigint(20) UNSIGNED NOT NULL,
  `last_name` varchar(191) COLLATE utf8mb4_unicode_ci NOT NULL,
  `first_name` varchar(191) COLLATE utf8mb4_unicode_ci NOT NULL,
  `ext_name` varchar(191) COLLATE utf8mb4_unicode_ci DEFAULT NULL,
  `middle_name` varchar(191) COLLATE utf8mb4_unicode_ci DEFAULT NULL,
  `created_at` timestamp NULL DEFAULT NULL,
  `updated_at` timestamp NULL DEFAULT NULL
) ENGINE=InnoDB DEFAULT CHARSET=utf8mb4 COLLATE=utf8mb4_unicode_ci;

--
-- Dumping data for table `employees`
--

INSERT INTO `employees` (`id`, `last_name`, `first_name`, `ext_name`, `middle_name`, `created_at`, `updated_at`) VALUES
(202001, 'ACOSTA', 'JERSON', '', 'TEJAMO', '2020-02-06 00:03:31', '2020-02-20 18:43:24'),
(202002, 'ALBINA', 'JEFFREY', '', 'CATOT', '2020-02-06 00:03:31', '2020-02-20 18:43:24'),
(202003, 'ALCAZAR', 'NICHOL', '', 'TUVALLES', '2020-02-06 00:03:31', '2020-02-20 18:43:24'),
(202004, 'AMOR', 'MARY JEAN ', '', 'CADUCOY', '2020-02-06 00:03:31', '2020-02-20 18:43:24'),
(202005, 'CANOY', 'RAMIE', '', 'ALISNA', '2020-02-06 00:03:31', '2020-02-20 18:43:24'),
(202006, 'DOLALAS', 'PAMELA', '', 'GELLEGANI', '2020-02-06 00:03:31', '2020-02-20 18:43:24'),
(202007, 'DURAN', 'ALEXANDER', '', 'SAING', '2020-02-06 00:03:31', '2020-02-20 18:43:24'),
(202008, 'ESTREBELLA', 'NEJEL', '', 'LUCERO', '2020-02-06 00:03:31', '2020-02-20 18:43:25'),
(202009, 'FERRAREN', 'ALBERT', '', 'ELECTONA', '2020-02-06 00:03:31', '2020-02-20 18:43:25'),
(202010, 'LOCSIN', 'RUSELL', '', 'TAYONA', '2020-02-06 00:03:31', '2020-02-20 18:43:25'),
(202011, 'ONTAL', 'NIO', '', 'NESNIA', '2020-02-06 00:03:31', '2020-02-20 18:43:25'),
(202012, 'TIZON', 'JUDITH', '', 'MEDEZ', '2020-02-06 00:03:31', '2020-02-20 18:43:25'),
(202013, 'ABRASALDO', 'CHRISTOPHER', '', 'GUIRON', '2020-02-06 00:03:31', '2020-02-20 18:43:25'),
(202014, 'ARCON', 'FLORANTE', '', 'MARCELO', '2020-02-06 00:03:31', '2020-02-20 18:43:26'),
(202015, 'ATAY', 'SHYR', '', 'VILLAMIL', '2020-02-06 00:03:31', '2020-02-20 18:43:26'),
(202016, 'BANTILAN', 'RICHARD', '', 'GUIRITAN', '2020-02-06 00:03:31', '2020-02-20 18:43:26'),
(202017, 'BORRES', 'RAMONITO', 'JR.', 'TORRES', '2020-02-06 00:03:31', '2020-02-20 18:43:26'),
(202018, 'CABEL', 'RENATO', 'JR.', 'BISABIS', '2020-02-06 00:03:31', '2020-02-20 18:43:26'),
(202019, 'CADIAO', 'DINDO', '', 'MORADOS', '2020-02-06 00:03:31', '2020-02-20 18:43:26'),
(202020, 'CARMELOTES', 'RONILO', '', 'CASTRO', '2020-02-06 00:03:31', '2020-02-20 18:43:26'),
(202021, 'DELA ROSA', 'RUBEN', 'JR.', 'CUBA', '2020-02-06 00:03:31', '2020-02-20 18:43:26'),
(202022, 'DONASCO', 'RODOLFO', 'JR.', 'MAGBANUA', '2020-02-06 00:03:31', '2020-02-20 18:43:27'),
(202023, 'ENCABO', 'RICHARD', '', 'VILLANUEVA', '2020-02-06 00:03:31', '2020-02-20 18:43:27'),
(202024, 'GAMO', 'ROEM MELENCIO', '', 'RIVERA', '2020-02-06 00:03:31', '2020-02-20 18:43:27'),
(202025, 'GASENDO', 'IDECIL', '', 'PORTUGALEZA', '2020-02-06 00:03:31', '2020-02-20 18:43:27'),
(202026, 'GELERA', 'GERARDO', '', 'PAUSTRILLA', '2020-02-06 00:03:31', '2020-02-20 18:43:27'),
(202027, 'GELERA', 'JAIME', '', 'PAUSTRILLA', '2020-02-06 00:03:31', '2020-02-20 18:43:27'),
(202028, 'LAPE', 'RODOLFO', '', 'NEGREDO', '2020-02-06 00:03:31', '2020-02-20 18:43:28'),
(202029, 'LUCERO', 'ROBERTO', 'JR.', 'DE JUAN', '2020-02-06 00:03:31', '2020-02-20 18:43:28'),
(202030, 'MISSION', 'ALFREDO', '', 'ESCORIAL', '2020-02-06 00:03:31', '2020-02-20 18:43:28'),
(202031, 'MOLEO', 'JESSIE', '', 'PLASANNGA', '2020-02-06 00:03:31', '2020-02-20 18:43:28'),
(202032, 'OJEOS', 'TEDDY', '', 'BITO-ON', '2020-02-06 00:03:31', '2020-02-20 18:43:28'),
(202033, 'OSTIGUE', 'AMORSOLO', '', 'BARTE', '2020-02-06 00:03:31', '2020-02-20 18:43:28'),
(202034, 'PARTOSA', 'JOEMIL', '', 'ESTEPANIO', '2020-02-06 00:03:31', '2020-02-20 18:43:29'),
(202035, 'QUARTERO', 'LLOYD', '', 'ELCARTE', '2020-02-06 00:03:31', '2020-02-20 18:43:29'),
(202036, 'REPOSO', 'REGIE', '', 'DANDOY', '2020-02-06 00:03:31', '2020-02-20 18:43:29'),
(202037, 'RODRIGUEZ', 'JOSE ROMEL', '', 'PAGUNTALAN', '2020-02-06 00:03:31', '2020-02-20 18:43:29'),
(202038, 'ROMBINEZ', 'NELSON', '', 'TUMASIS', '2020-02-06 00:03:31', '2020-02-20 18:43:29'),
(202039, 'SALVA', 'NANCY', '', 'TAGANILE', '2020-02-06 00:03:31', '2020-02-20 18:43:29'),
(202040, 'SORIA ', 'NIKKA SOLIEL', '', 'TORREDA', '2020-02-06 00:03:31', '2020-02-20 18:43:30'),
(202041, 'TENTATIVA', 'GEORGE', 'JR.', 'BRILLANTES', '2020-02-06 00:03:31', '2020-02-20 18:43:30'),
(202042, 'TENTATIVA', 'JESSIE JAMES', '', 'BRILLANTES', '2020-02-06 00:03:31', '2020-02-20 18:43:30'),
(202043, 'TIGBAO', 'CLIFF WILLINS', '', 'BARTE', '2020-02-06 00:03:31', '2020-02-20 18:43:30'),
(202044, 'TOLENTIN', 'NOEL', '', 'ILAGAN', '2020-02-06 00:03:31', '2020-02-20 18:43:30'),
(202045, 'TOACAO', 'LANDRITO', '', 'SALVO', '2020-02-06 00:03:31', '2020-02-20 18:43:30'),
(202046, 'TORREDA', 'REPE', '', 'ARANDA', '2020-02-06 00:03:31', '2020-02-20 18:43:30'),
(202047, 'TUMALE', 'EDWIN', '', 'SEGOSYO', '2020-02-06 00:03:31', '2020-02-20 18:43:30'),
(202048, 'VALE', 'DANIVER', '', 'GERSAN', '2020-02-06 00:03:31', '2020-02-20 18:43:30'),
(202049, 'VENTERO', 'ROLANDO', '', 'TENIDO', '2020-02-06 00:03:31', '2020-02-20 18:43:30'),
(202050, 'ARBON', 'ADRIAN MICHELE', '', 'PINILI', '2020-02-06 00:03:31', '2020-02-20 18:43:31'),
(202051, 'CASTRO', 'RENATO', '', 'GONIDO', '2020-02-06 00:03:31', '2020-02-20 18:43:31'),
(202052, 'CONIENDO', 'CHRISTIAN KIT', '', 'MARAVILLAS', '2020-02-06 00:03:31', '2020-02-20 18:43:31'),
(202053, 'MATURAN', 'MILCYN', '', 'CATAN', '2020-02-06 00:03:31', '2020-02-20 18:43:31'),
(202054, 'SUETA', 'EMERALD', '', 'TIJING', '2020-02-06 00:03:31', '2020-02-20 18:43:31'),
(202055, 'VALOR', 'MARIA', '', 'EBRADO', '2020-02-06 00:03:31', '2020-02-20 18:43:31'),
(202056, 'VILLARETO', 'REYNALDO', '', 'MARINOG', '2020-02-06 00:03:31', '2020-02-20 18:43:31'),
(202057, 'ALINGCOMOT', 'JESSEL MARIE', '', 'BULABON', '2020-02-06 00:03:31', '2020-02-20 18:43:31'),
(202058, 'BRETAA', 'MUTYA CONCEPCION', '', 'LAHOYLAHOY', '2020-02-06 00:03:31', '2020-02-20 18:43:31'),
(202059, 'BUEN', 'RANIER', '', 'GUMAHAD', '2020-02-06 00:03:31', '2020-02-20 18:43:32'),
(202060, 'CAMARILLO', 'HOLYN FE', '', 'VILLEGAS', '2020-02-06 00:03:31', '2020-02-20 18:43:32'),
(202061, 'DANDAN', 'BIENVINIDA', '', 'SATINIAMAN', '2020-02-06 00:03:31', '2020-02-20 18:43:32'),
(202062, 'ESPARTERO', 'JUNICH', '', 'TENDERO', '2020-02-06 00:03:31', '2020-02-20 18:43:32'),
(202063, 'FERRAREN', 'EDELYN', '', 'FAUSTO', '2020-02-06 00:03:31', '2020-02-20 18:43:32'),
(202064, 'GAGA-A', 'RYAN', '', 'TRIBO', '2020-02-06 00:03:31', '2020-02-20 18:43:32'),
(202065, 'GAEDA', 'JERIC', '', 'PACAA', '2020-02-06 00:03:31', '2020-02-20 18:43:32'),
(202066, 'GARGANIAN', 'GAUDENCIO', 'II', 'DOCTO', '2020-02-06 00:03:31', '2020-02-20 18:43:32'),
(202067, 'GINO', 'RAMIL', '', 'ANES', '2020-02-06 00:03:31', '2020-02-20 18:43:32'),
(202068, 'LASPIAS', 'MEI ANN', '', 'AGUILAR', '2020-02-06 00:03:31', '2020-02-20 18:43:32'),
(202069, 'LORA', 'LEONILA', '', 'AGUILAR', '2020-02-06 00:03:31', '2020-02-20 18:43:32'),
(202070, 'MAHINAY', 'HENRY', 'SR.', 'ABRASALDO', '2020-02-06 00:03:31', '2020-02-20 18:43:33'),
(202071, 'MARTINEZ', 'KEVIN CLYDE', '', 'SIACOR', '2020-02-06 00:03:31', '2020-02-20 18:43:33'),
(202072, 'MONTAO', 'DENNIS', '', 'GELLEGANI', '2020-02-06 00:03:31', '2020-02-20 18:43:33'),
(202073, 'OBLINO', 'AGNES', '', 'TERANIA', '2020-02-06 00:03:31', '2020-02-20 18:43:33'),
(202074, 'PADILLA', 'FREDERICK', '', 'VILLALUZ', '2020-02-06 00:03:31', '2020-02-20 18:43:33'),
(202075, 'PATRIMONIO', 'TRIXIA MAE', '', 'VENDIOLA', '2020-02-06 00:03:31', '2020-02-20 18:43:33'),
(202076, 'PEROL', 'ANVELYN', '', 'MAYAGMA', '2020-02-06 00:03:31', '2020-02-20 18:43:33'),
(202077, 'VILLARTA', 'EDUARDO', 'JR.', 'TANGCAY', '2020-02-06 00:03:31', '2020-02-20 18:43:33'),
(202078, 'YANSON', 'OLIVE THERESA MAE', '', 'ORACION', '2020-02-06 00:03:31', '2020-02-20 18:43:34'),
(202079, 'YAP', 'DEEVI COREN', '', 'SABERON', '2020-02-06 00:03:31', '2020-02-20 18:43:34'),
(202080, 'ABRASALDO', 'JOESITA', '', 'VICOY', '2020-02-06 00:03:31', '2020-02-20 18:43:34'),
(202081, 'PATAJO', 'ANDREI GLEVE', '', 'TUAZON', '2020-02-06 00:03:31', '2020-02-20 18:43:34'),
(202082, 'SARINO', 'DAVE', '', 'OBANG', '2020-02-06 00:03:31', '2020-02-20 18:43:34'),
(202083, 'TALLEDO', 'RAZEL', '', 'TERANIA', '2020-02-06 00:03:31', '2020-02-20 18:43:34'),
(202084, 'TENEFRANCIA ', 'CLYDE', '', 'VALDE', '2020-02-06 00:03:31', '2020-02-20 18:43:34'),
(202085, 'TIJING ', 'MARIO ECHELON ED', '', 'ROSADO', '2020-02-06 00:03:31', '2020-02-20 18:43:35'),
(202086, 'QUIANOLA', 'TITUS', '', 'VILLAMIL', '2020-02-06 00:03:31', '2020-02-20 18:43:35'),
(202087, 'SALINAS', 'ANGELA', '', 'GERONIANO', '2020-02-06 00:03:31', '2020-02-20 18:43:36'),
(202088, 'ABAYON', 'ANDY', '', 'GALON', '2020-02-06 00:03:31', '2020-02-20 18:43:36'),
(202089, 'ALCAZAR', 'MARIO DHARDY', '', 'JORDAN', '2020-02-06 00:03:31', '2020-02-20 18:43:36'),
(202090, 'BANOGON', 'ROLANDO', '', 'DUMAT-OL', '2020-02-06 00:03:31', '2020-02-20 18:43:36'),
(202091, 'BAYOGUIA', 'MARLON', '', 'PIALAGO', '2020-02-06 00:03:31', '2020-02-20 18:43:36'),
(202092, 'CHIONG', 'ROBERT ROBINSON', '', 'BARROCA', '2020-02-06 00:03:31', '2020-02-20 18:43:36'),
(202093, 'CLAVERO', 'JOSELITO', '', 'BETITA', '2020-02-06 00:03:31', '2020-02-20 18:43:36'),
(202094, 'CONIENDO', 'JULIUS', '', 'TABUENA', '2020-02-06 00:03:31', '2020-02-20 18:43:36'),
(202095, 'DELA CRUZ', 'GIL RHOY', '', 'ARGUELLES', '2020-02-06 00:03:31', '2020-02-20 18:43:36'),
(202096, 'DEVELOS', 'DOMINIC', '', 'ARENOS', '2020-02-06 00:03:31', '2020-02-20 18:43:37'),
(202097, 'DUHAYLUNGSOD', 'GERARD GERRY', '', 'ARBON', '2020-02-06 00:03:31', '2020-02-20 18:43:37'),
(202098, 'EMPINADO', 'DANILO', '', 'DEMETRIA', '2020-02-06 00:03:31', '2020-02-20 18:43:38'),
(202099, 'ESTORCO', 'JOSE BEBSY', '', 'BELOY', '2020-02-06 00:03:31', '2020-02-20 18:43:38'),
(202100, 'ESTREBELLA', 'NOEL', '', 'LUCERO', '2020-02-06 00:03:31', '2020-02-20 18:43:38'),
(202101, 'FERIL', 'ROMULO', 'JR.', 'BORJA', '2020-02-06 00:03:31', '2020-02-20 18:43:38'),
(202102, 'FRANCISO', 'MARIA LOURDES', '', 'GONZAGA', '2020-02-06 00:03:31', '2020-02-20 18:43:38'),
(202103, 'GALIDO', 'ESPERIDION', '', 'SALDE', '2020-02-06 00:03:31', '2020-02-20 18:43:38'),
(202104, 'GOTLADERA', 'GREMAR', '', 'YEE', '2020-02-06 00:03:31', '2020-02-20 18:43:38'),
(202105, 'LOCSIN', 'EDGARDO', '', 'GUIRON', '2020-02-06 00:03:31', '2020-02-20 18:43:38'),
(202106, 'MAAGO', 'RONALDO', '', 'SUGANOB', '2020-02-06 00:03:31', '2020-02-20 18:43:38'),
(202107, 'NATAK', 'JOWIE', '', 'JAMIE', '2020-02-06 00:03:31', '2020-02-20 18:43:38'),
(202108, 'NAVARRO', 'ALFE', '', 'VALOR', '2020-02-06 00:03:31', '2020-02-20 18:43:38'),
(202109, 'NORICO', 'WAYNE', '', 'MAQUILAN', '2020-02-06 00:03:31', '2020-02-20 18:43:38'),
(202110, 'OLMOGUEZ', 'ENRIDE', '', 'VISAGAS', '2020-02-06 00:03:31', '2020-02-20 18:43:38'),
(202111, 'PANCHO', 'JOHN WINSTON', '', 'GAYOMA', '2020-02-06 00:03:31', '2020-02-20 18:43:38'),
(202112, 'PEBIDA', 'RENE', '', 'PONCE', '2020-02-06 00:03:31', '2020-02-20 18:43:39'),
(202113, 'QUARTERO', 'ARMIN', '', 'ACUESTA', '2020-02-06 00:03:31', '2020-02-20 18:43:39'),
(202114, 'QUIANZO', 'MARIA ANGELICA', '', 'AWAYAN', '2020-02-06 00:03:31', '2020-02-20 18:43:39'),
(202115, 'QUINIQUITO', 'JESTER', '', 'VISON', '2020-02-06 00:03:31', '2020-02-20 18:43:39'),
(202116, 'REYES', 'JOSE ZALDY', '', 'PACULANANG', '2020-02-06 00:03:31', '2020-02-20 18:43:39'),
(202117, 'SABIDONG', 'AILEEN', '', 'BERNUS', '2020-02-06 00:03:31', '2020-02-20 18:43:39'),
(202118, 'SUEP', 'NORBERTO', '', 'GARGOLES', '2020-02-06 00:03:31', '2020-02-20 18:43:39'),
(202119, 'SUMUGAT', 'THESSA AMOR', '', 'TONDO', '2020-02-06 00:03:31', '2020-02-20 18:43:39'),
(202120, 'TALDE', 'ROBERT', '', 'CASTILLO', '2020-02-06 00:03:31', '2020-02-20 18:43:39'),
(202121, 'TIGMO', 'GUILLERMO', 'JR.', 'ALMAQUIN', '2020-02-06 00:03:31', '2020-02-20 18:43:39'),
(202122, 'TIMOTEO', 'ALBERTO', '', 'GARCIA', '2020-02-06 00:03:31', '2020-02-20 18:43:39'),
(202123, 'TRUMATA', 'SYDNEY BLAKE', '', '', '2020-02-06 00:03:31', '2020-02-20 18:43:39'),
(202124, 'TUPINO', 'RONALD', '', 'JABAYJABAY', '2020-02-06 00:03:31', '2020-02-20 18:43:39'),
(202125, 'TURCO', 'JAME', '', 'AMBOYON', '2020-02-06 00:03:31', '2020-02-20 18:43:39'),
(202126, 'VALOR', 'ALBERT', '', 'TORREQUIMADA', '2020-02-06 00:03:31', '2020-02-20 18:43:40'),
(202127, 'VALOR', 'RUSTICO', '', 'LUYAS', '2020-02-06 00:03:31', '2020-02-20 18:43:40'),
(202128, 'VERGARA', 'LEIZEL', '', 'VILLAMIL', '2020-02-06 00:03:31', '2020-02-20 18:43:40'),
(202129, 'VIAJE', 'FORTUNATO', '', 'AMADO', '2020-02-06 00:03:31', '2020-02-20 18:43:40'),
(202130, 'VILLAMIL', 'GHLENN', '', 'JOCSON', '2020-02-06 00:03:31', '2020-02-20 18:43:40'),
(202131, 'TIJING', 'ARCHIE LEONID', '', 'TAYONA', '2020-02-06 00:03:31', '2020-02-20 18:43:40'),
(202132, 'GIDAYA', 'MARISSA', '', 'GABLINES', '2020-02-06 00:03:31', '2020-02-20 18:43:40'),
(202133, 'BELONGHILOT', 'MIRASOL', '', 'LAZAGA', '2020-02-06 00:03:31', '2020-02-20 18:43:40'),
(202134, 'CALINGACION', 'NEZEL', '', 'RENDON', '2020-02-06 00:03:31', '2020-02-20 18:43:40'),
(202135, 'VELEZ', 'YUCEL', '', 'BELLERA', '2020-02-06 00:03:31', '2020-02-20 18:43:40'),
(202136, 'BERONIO', 'VECENTE', '', 'MULLUN', '2020-02-06 00:03:31', '2020-02-20 18:43:40'),
(202137, 'CORDOVA', 'REY', '', 'VILLANUEVA', '2020-02-06 00:03:31', '2020-02-20 18:43:40'),
(202138, 'DUKA', 'JUDITH', '', 'TOLEDO', '2020-02-06 00:03:31', '2020-02-20 18:43:40'),
(202139, 'RENDON', 'VILMA', '', 'GERIAN', '2020-02-06 00:03:31', '2020-02-20 18:43:41'),
(202140, 'TALEON', 'GALILEO', '', 'TORRED', '2020-02-06 00:03:31', '2020-02-20 18:43:41'),
(202141, 'ABRAHAM', 'EDUARDO', '', 'DIONELA', '2020-02-06 00:03:31', '2020-02-20 18:43:41'),
(202142, 'BULISIG', 'EDGAR', 'SR.', 'MENDOZA', '2020-02-06 00:03:31', '2020-02-20 18:43:41'),
(202143, 'CARBO', 'RASMER', '', 'QUINDO', '2020-02-06 00:03:31', '2020-02-20 18:43:41'),
(202144, 'FRANCO', 'JUDITH', '', 'VILLANUEVA', '2020-02-06 00:03:31', '2020-02-20 18:43:41'),
(202145, 'GECONCILLO', 'RUBILYN', '', 'BENIGAY', '2020-02-06 00:03:31', '2020-02-20 18:43:41'),
(202146, 'JARDINIANO', 'IRISH', '', 'ROLDAN', '2020-02-06 00:03:31', '2020-02-20 18:43:41'),
(202147, 'LASPIAS', 'ROEL', '', 'DELOS SANTOS', '2020-02-06 00:03:31', '2020-02-20 18:43:41'),
(202148, 'MIRAFLOR', 'LORELIE', '', 'TERRENAL', '2020-02-06 00:03:31', '2020-02-20 18:43:41'),
(202149, 'PAEL', 'ANITA', '', 'GONZALES', '2020-02-06 00:03:31', '2020-02-20 18:43:41'),
(202150, 'QUINDO', 'MARIA STELLA GERALYN', '', 'ABRASALDO', '2020-02-06 00:03:31', '2020-02-20 18:43:41'),
(202151, 'TENAN', 'WILMA', '', 'TUBESA', '2020-02-06 00:03:31', '2020-02-20 18:43:41'),
(202152, 'TUALE', 'ROGER', '', 'CADAYDAY', '2020-02-06 00:03:31', '2020-02-20 18:43:42'),
(202153, 'TUBLE', 'RAYMUNDO', '', 'FRANCISCO', '2020-02-06 00:03:31', '2020-02-20 18:43:42'),
(202154, 'VILLANUEVA', 'MILA', '', 'DELVO', '2020-02-06 00:03:31', '2020-02-20 18:43:42'),
(202155, 'AGUILAR', 'LYANADA FEIAM', '', 'FALDAS', '2020-02-06 00:03:31', '2020-02-20 18:43:42'),
(202156, 'BELINGAN', 'JOHANNE MAE', '', 'BITO-ON', '2020-02-06 00:03:31', '2020-02-20 18:43:42'),
(202157, 'BORRIS', 'CAREN', '', 'SIACOR', '2020-02-06 00:03:31', '2020-02-20 18:43:42'),
(202158, 'DAGODOG', 'IVY', '', 'DOLATRE', '2020-02-06 00:03:31', '2020-02-20 18:43:42'),
(202159, 'FERIL', 'SHERWIN', '', 'TEVES', '2020-02-06 00:03:31', '2020-02-20 18:43:42'),
(202160, 'GRACIADAS', 'RHONA LEE', '', 'ABRASALDO', '2020-02-06 00:03:31', '2020-02-20 18:43:42'),
(202161, 'HIBIONADA', 'JOAN', '', 'TIZON', '2020-02-06 00:03:31', '2020-02-20 18:43:42'),
(202162, 'INDAB', 'RESRAN BLAIR', '', 'TERANIA', '2020-02-06 00:03:31', '2020-02-20 18:43:42'),
(202163, 'JORDAN', 'JOANNE OWENA', '', 'INFANTE', '2020-02-06 00:03:31', '2020-02-20 18:43:43'),
(202164, 'LACSON', 'RONA', '', 'DELA CRUZ', '2020-02-06 00:03:31', '2020-02-20 18:43:43'),
(202165, 'MELENDRES', 'RHUEL', '', 'CASTILLO', '2020-02-06 00:03:31', '2020-02-20 18:43:43'),
(202166, 'MORILLO', 'ELGEN', '', 'LINDAYAO', '2020-02-06 00:03:31', '2020-02-20 18:43:43'),
(202167, 'NALAM', 'CHRISTINE', '', 'MARQUEZ', '2020-02-06 00:03:31', '2020-02-20 18:43:43'),
(202168, 'PACAA', 'APRIL MARIE', '', 'BITO-ON', '2020-02-06 00:03:31', '2020-02-20 18:43:43'),
(202169, 'ROSADO', 'JOSECHO', 'III', 'KILAP-KILAP', '2020-02-06 00:03:31', '2020-02-20 18:43:43'),
(202170, 'TOMIAS', 'LEA', '', 'TUBLE', '2020-02-06 00:03:31', '2020-02-20 18:43:43'),
(202171, 'TORRED', 'DORIS GAY', '', 'SUMALPONG', '2020-02-06 00:03:31', '2020-02-20 18:43:43'),
(202172, 'VENDIOLA', 'MIRASOL', '', 'ANION', '2020-02-06 00:03:31', '2020-02-20 18:43:43'),
(202173, 'ALBINA', 'LEIZL', '', 'CAYANG', '2020-02-06 00:03:31', '2020-02-20 18:43:43'),
(202174, 'ALVARAN', 'FAITH', '', 'QUINDO', '2020-02-06 00:03:31', '2020-02-20 18:43:43'),
(202175, 'ANTONIO', 'LEOSAM', '', 'AMBAGAN', '2020-02-06 00:03:31', '2020-02-20 18:43:44'),
(202176, 'DUHAYLUNGSOD', 'VICTORIA', '', 'ENTAC', '2020-02-06 00:03:31', '2020-02-20 18:43:44'),
(202177, 'LINIHAN', 'MERRY GAIL', '', 'PIEDA', '2020-02-06 00:03:31', '2020-02-20 18:43:44'),
(202178, 'TUMLAD', 'WENDA', '', 'BOTONES', '2020-02-06 00:03:31', '2020-02-20 18:43:44'),
(202179, 'VILLANUEVA', 'JINKY', '', 'VELASCO', '2020-02-06 00:03:31', '2020-02-20 18:43:44'),
(202180, 'ABAYON', 'RICKY', '', 'GALON', '2020-02-06 00:03:31', '2020-02-20 18:43:44'),
(202181, 'ALSON', 'ROLLY', 'JR.', 'HISONA', '2020-02-06 00:03:31', '2020-02-20 18:43:44'),
(202182, 'AGUIRRE', 'MARK NOEL', '', 'LAMIG', '2020-02-06 00:03:31', '2020-02-20 18:43:44'),
(202183, 'AMAMAG-ID', 'ARELIANO', '', 'BAYNO', '2020-02-06 00:03:31', '2020-02-20 18:43:44'),
(202184, 'ARBON', 'ALLAIN MICHAEL', '', 'PINILI', '2020-02-06 00:03:31', '2020-02-20 18:43:44'),
(202185, 'ATIENZA ', 'ALVIN', '', 'GARGANIAN', '2020-02-06 00:03:31', '2020-02-20 18:43:44'),
(202186, 'ATIENZA ', 'MARGARITO', '', 'DUMAGAT', '2020-02-06 00:03:31', '2020-02-20 18:43:44'),
(202187, 'BALDEVARONA', 'ROLANDO', '', 'GALAN', '2020-02-06 00:03:31', '2020-02-20 18:43:45'),
(202188, 'BANDOJO', 'GERLYN', '', 'LABORTE', '2020-02-06 00:03:31', '2020-02-20 18:43:45'),
(202189, 'BASILIO', 'ROSE JEAN', '', 'LIZADA', '2020-02-06 00:03:31', '2020-02-20 18:43:46'),
(202190, 'BELLERA', 'DELIA', '', 'MANZO', '2020-02-06 00:03:31', '2020-02-20 18:43:46'),
(202191, 'BOLADOLA', 'CHERIE MAE', '', 'CIMARA', '2020-02-06 00:03:31', '2020-02-20 18:43:46'),
(202192, 'CANTO', 'LUBEN', '', 'CASIPE', '2020-02-06 00:03:31', '2020-02-20 18:43:46'),
(202193, 'CARAMPATANA', 'MARIFEL', '', 'FERANIEL', '2020-02-06 00:03:31', '2020-02-20 18:43:46'),
(202194, 'CARTISIANO', 'DEOMEDES', '', 'MATA', '2020-02-06 00:03:31', '2020-02-20 18:43:46'),
(202195, 'CATALAN', 'JOSEPH', '', 'TUGADO', '2020-02-06 00:03:31', '2020-02-20 18:43:46'),
(202196, 'DIANSON', 'ERWIN', '', 'GENOVA', '2020-02-06 00:03:31', '2020-02-20 18:43:47'),
(202197, 'DONAN', 'RICARDO', '', 'MATA', '2020-02-06 00:03:31', '2020-02-20 18:43:47'),
(202198, 'EGANG', 'ROSEMARY', '', 'SOL', '2020-02-06 00:03:31', '2020-02-20 18:43:47'),
(202199, 'GABUYA', 'IMELDA', '', 'TUBONGBANUA', '2020-02-06 00:03:31', '2020-02-20 18:43:47'),
(202200, 'GAREZA', 'MA. GINA', '', 'SAPA-OL', '2020-02-06 00:03:31', '2020-02-20 18:43:47'),
(202201, 'GUIRON', 'RANDY', '', 'ALPORO', '2020-02-06 00:03:31', '2020-02-20 18:43:47'),
(202202, 'HORTEZUELA', 'ALVIN', '', 'CALORING', '2020-02-06 00:03:31', '2020-02-20 18:43:47'),
(202203, 'JALBUNA', 'FRANCISCO', '', 'IBAEZ', '2020-02-06 00:03:31', '2020-02-20 18:43:47'),
(202204, 'LECIRA', 'ROGELIO', '', 'CATADA', '2020-02-06 00:03:31', '2020-02-20 18:43:47'),
(202205, 'MEDINA', 'SHALOME', '', 'MENDOZA', '2020-02-06 00:03:31', '2020-02-20 18:43:48'),
(202206, 'OJASTRO', 'JONELYN', '', 'GALAN', '2020-02-06 00:03:31', '2020-02-20 18:43:48'),
(202207, 'RUSIANA', 'RONALDO', '', 'TORRES', '2020-02-06 00:03:31', '2020-02-20 18:43:48'),
(202208, 'SALA', 'LIWAYWAY', '', 'JAMANDRON', '2020-02-06 00:03:31', '2020-02-20 18:43:48'),
(202209, 'SAMILLANO', 'CATHERINE', '', 'GUTOS', '2020-02-06 00:03:31', '2020-02-20 18:43:48'),
(202210, 'TABORADA', 'ELENA', '', 'ANGGAY', '2020-02-06 00:03:31', '2020-02-20 18:43:48'),
(202211, 'TAMPIOC', 'JOHN JIGGER', '', 'GADIANE', '2020-02-06 00:03:31', '2020-02-20 18:43:48'),
(202212, 'TEOLOGIO', 'GEMIMA', '', 'TAMPIOC', '2020-02-06 00:03:31', '2020-02-20 18:43:48'),
(202213, 'YAESO', 'FRANCISCO', '', 'SAME', '2020-02-06 00:03:31', '2020-02-20 18:43:48'),
(202214, 'AWAS', 'ABUNDIO', 'JR.', 'PAREDES', '2020-02-06 00:03:31', '2020-02-20 18:43:48'),
(202215, 'BAGARINAO', 'TITA', '', 'MANIGOS', '2020-02-06 00:03:31', '2020-02-20 18:43:48'),
(202216, 'BISABIS', 'RAUL', '', 'ZAMORA', '2020-02-06 00:03:31', '2020-02-20 18:43:48'),
(202217, 'BOLLOS', 'MONICO GALEN', 'JR.', 'EGE', '2020-02-06 00:03:31', '2020-02-20 18:43:49'),
(202218, 'BOLTIADOR', 'GEOFREY', '', 'VICOY', '2020-02-06 00:03:31', '2020-02-20 18:43:49'),
(202219, 'DELA CRUZ', 'CARLITO', '', 'DE LA VIDA', '2020-02-06 00:03:31', '2020-02-20 18:43:49'),
(202220, 'EGANG', 'MARIA FLORA', '', 'CANDA', '2020-02-06 00:03:31', '2020-02-20 18:43:49'),
(202221, 'EMPERADO', 'NARDITO', '', 'SORENTO', '2020-02-06 00:03:31', '2020-02-20 18:43:49'),
(202222, 'FERIL', 'ROMEL', '', 'BORJA', '2020-02-06 00:03:31', '2020-02-20 18:43:49'),
(202223, 'HOBRO', 'REBECCA', '', 'LAGDAMIN', '2020-02-06 00:03:31', '2020-02-20 18:43:49'),
(202224, 'JAMIN', 'RENIE', '', 'REFUGIO', '2020-02-06 00:03:31', '2020-02-20 18:43:49'),
(202225, 'MARCELINO', 'JOEL', '', 'BIAS', '2020-02-06 00:03:31', '2020-02-20 18:43:49'),
(202226, 'OLORES', 'LEONARDO', '', 'MISSION', '2020-02-06 00:03:31', '2020-02-20 18:43:49'),
(202227, 'OMOYON', 'ELIZABETH', '', 'LUYAS', '2020-02-06 00:03:31', '2020-02-20 18:43:49'),
(202228, 'PALMA', 'JUANITA', '', 'AMARO', '2020-02-06 00:03:31', '2020-02-20 18:43:49'),
(202229, 'PASCO', 'LUCY', '', 'PINANONANG', '2020-02-06 00:03:31', '2020-02-20 18:43:50'),
(202230, 'PATANAO', 'HERMINIO', 'JR.', 'ABUNDIO', '2020-02-06 00:03:31', '2020-02-20 18:43:50'),
(202231, 'PORLAS', 'SANTIAGO', '', 'ESCRIBANO', '2020-02-06 00:03:31', '2020-02-20 18:43:50'),
(202232, 'PRAC', 'DEDITO', '', 'ENTIA', '2020-02-06 00:03:31', '2020-02-20 18:43:50'),
(202233, 'QUIO', 'DAISY', '', 'DOLATRE', '2020-02-06 00:03:31', '2020-02-20 18:43:50'),
(202234, 'RENDON', 'JERRY', '', 'CALIDBO', '2020-02-06 00:03:31', '2020-02-20 18:43:50'),
(202235, 'SARAA', 'BRENDO', '', 'FRANCISCO', '2020-02-06 00:03:31', '2020-02-20 18:43:50'),
(202236, 'VALOR', 'JOVELYN', '', 'VALDEVIESO', '2020-02-06 00:03:31', '2020-02-20 18:43:50'),
(202237, 'ADANZA', 'OLIVER', '', 'NAVARRA', '2020-02-06 00:03:31', '2020-02-20 18:43:50'),
(202238, 'AMOR', 'THOMAS', '', 'AQUINO', '2020-02-06 00:03:31', '2020-02-20 18:43:50'),
(202239, 'BEJASA', 'JOAQUIN', 'JR.', 'MIRANDA', '2020-02-06 00:03:31', '2020-02-20 18:43:50'),
(202240, 'BELOCURA ', 'ALEJANDRO', '', 'MORTIZ', '2020-02-06 00:03:31', '2020-02-20 18:43:50'),
(202241, 'BENCALO', 'PAUL MARTIN', '', 'AFRICANO', '2020-02-06 00:03:31', '2020-02-20 18:43:50'),
(202242, 'BENCALO', 'PRUTO', 'JR.', 'AFRICANO', '2020-02-06 00:03:31', '2020-02-20 18:43:51'),
(202243, 'BITO-ON', 'PAUL MARTIN', '', 'VILLACAMPA', '2020-02-06 00:03:31', '2020-02-20 18:43:51'),
(202244, 'CAMPOS', 'SERVANDO', '', 'BLANCO', '2020-02-06 00:03:31', '2020-02-20 18:43:51'),
(202245, 'CRISOSTOMO', 'LORE', '', 'LACOSTALES', '2020-02-06 00:03:31', '2020-02-20 18:43:51'),
(202246, 'CUBID', 'NELVIE', '', 'LIZADA', '2020-02-06 00:03:31', '2020-02-20 18:43:52'),
(202247, 'CUENCA', 'FEIRWIND', '', 'SUMALPONG', '2020-02-06 00:03:31', '2020-02-20 18:43:52'),
(202248, 'DELOS REYES', 'JEFFRY', '', 'PANALIGAN', '2020-02-06 00:03:31', '2020-02-20 18:43:52'),
(202249, 'DINAPO', 'NOELITO', '', 'TORRES', '2020-02-06 00:03:31', '2020-02-20 18:43:52'),
(202250, 'DUKA', 'EUGENE', '', 'PAJULAS', '2020-02-06 00:03:31', '2020-02-20 18:43:52'),
(202251, 'INDINO', 'ALFREDO', '', 'BAYAWA', '2020-02-06 00:03:31', '2020-02-20 18:43:52'),
(202252, 'LAZARTE', 'IGNACIO', '', 'TUBILAG', '2020-02-06 00:03:31', '2020-02-20 18:43:52'),
(202253, 'MANATAD', 'IVY', '', 'TENEFRANCIA', '2020-02-06 00:03:31', '2020-02-20 18:43:52'),
(202254, 'MORTILLERO', 'MAYO', '', 'BARTE', '2020-02-06 00:03:31', '2020-02-20 18:43:52'),
(202255, 'NICOLAS', 'DIORLAN', '', 'JAMANDRON', '2020-02-06 00:03:31', '2020-02-20 18:43:52'),
(202256, 'PAALISBO', 'VIRGELIO', '', 'TORRES', '2020-02-06 00:03:31', '2020-02-20 18:43:52'),
(202257, 'QUIJANO', 'CECILIO', '', 'PACAA', '2020-02-06 00:03:31', '2020-02-20 18:43:52'),
(202258, 'RAGADA', 'PAULINE', '', 'YGUINTO', '2020-02-06 00:03:31', '2020-02-20 18:43:52'),
(202259, 'TORALDE', 'BUENSOCESO', 'JR.', 'TOMAROY', '2020-02-06 00:03:31', '2020-02-20 18:43:53'),
(202260, 'VERGARA', 'JENUS', '', 'TRAYVILLA', '2020-02-06 00:03:31', '2020-02-20 18:43:53'),
(202261, 'YANSON', 'ADONES', '', 'POLINAR', '2020-02-06 00:03:31', '2020-02-20 18:43:53'),
(202262, 'ALCANTARA', 'LIDO AXEL', '', 'QUINDO', '2020-02-06 00:03:31', '2020-02-20 18:43:53'),
(202263, 'BASILISCO', 'VANESSA', '', 'SILAYAN', '2020-02-06 00:03:31', '2020-02-20 18:43:53'),
(202264, 'CATUBIG', 'FARLEY', '', 'LAGRADILLA', '2020-02-06 00:03:31', '2020-02-20 18:43:53'),
(202265, 'DE LA CRUZ', 'MONICA', '', 'MISSION', '2020-02-06 00:03:31', '2020-02-20 18:43:53'),
(202266, 'DUHAYLUNGSOD', 'MARLON', '', 'ARBON', '2020-02-06 00:03:31', '2020-02-20 18:43:53'),
(202267, 'ILAGAN', 'GERARDO', 'JR.', 'ABRASALDO', '2020-02-06 00:03:31', '2020-02-20 18:43:53'),
(202268, 'LUZON', 'BERNABE', 'JR.', 'QUINAMOT', '2020-02-06 00:03:31', '2020-02-20 18:43:53'),
(202269, 'MARAPAO', 'DONALD', '', 'MAGSIPOC', '2020-02-06 00:03:31', '2020-02-20 18:43:53'),
(202270, 'OMBOY', 'JONATHAN', '', 'ENCIO', '2020-02-06 00:03:31', '2020-02-20 18:43:53'),
(202271, 'QUINDO', 'PACIFICO', 'III', 'VILLAMIL', '2020-02-06 00:03:31', '2020-02-20 18:43:53'),
(202272, 'SARDOVIA', 'MARIO', '', 'SUMALPONG', '2020-02-06 00:03:31', '2020-02-20 18:43:53'),
(202273, 'SUMALPONG', 'MARK', '', 'ABALOS', '2020-02-06 00:03:31', '2020-02-20 18:43:54'),
(202274, 'TONOGBANUA', 'HONEY LYN', '', 'QUINDO', '2020-02-06 00:03:31', '2020-02-20 18:43:54'),
(202275, 'SILOT', 'LILIA', '', 'ORIENDO', '2020-02-06 00:03:31', '2020-02-20 18:43:54'),
(202276, 'TIGBAO', 'BON BILLY', '', 'BARTE', '2020-02-06 00:03:31', '2020-02-20 18:43:54'),
(202277, 'DELOS SANTOS', 'LEONARDO', '', 'IWAYAN', '2020-02-06 00:03:31', '2020-02-20 18:43:54'),
(202278, 'DUMAT-OL', 'OSCAR', '', 'ANTIMADO', '2020-02-06 00:03:31', '2020-02-20 18:43:54'),
(202279, 'FERANIEL', 'CHENELEEN', '', 'ACABAL', '2020-02-06 00:03:31', '2020-02-20 18:43:54'),
(202280, 'MAPUTI', 'MERLYN', '', 'GARGAR', '2020-02-06 00:03:31', '2020-02-20 18:43:54'),
(202281, 'RODRIGUEZ', 'ARIEL', 'SR.', 'SAAVIDRA', '2020-02-06 00:03:31', '2020-02-20 18:43:54'),
(202282, 'SARAA', 'RENANTE', '', 'FRANCISCO', '2020-02-06 00:03:31', '2020-02-20 18:43:54'),
(202283, 'TEJERO', 'RICKY', '', 'LUMAYAG', '2020-02-06 00:03:31', '2020-02-20 18:43:54'),
(202284, 'TIJING', 'BRYAN RAUL', '', 'TORREDA', '2020-02-06 00:03:31', '2020-02-20 18:43:54'),
(202285, 'TUBESA', 'HENRY', '', 'TORREDA', '2020-02-06 00:03:31', '2020-02-20 18:43:54'),
(202286, 'BAYOGUIA', 'MELVIC', '', 'ELNAR', '2020-02-06 00:03:31', '2020-02-20 18:43:54'),
(202287, 'FLORES', 'BENJAMIN ARSENIO', '', 'TORREDA', '2020-02-06 00:03:31', '2020-02-20 18:43:54'),
(202288, 'HERRERO', 'ERIC', '', 'ROSAL', '2020-02-06 00:03:31', '2020-02-20 18:43:54'),
(202289, 'JAMIN', 'DON JOHN', '', 'MUAA', '2020-02-06 00:03:31', '2020-02-20 18:43:54'),
(202290, 'JUAREZ', 'ROGELIO', '', 'ESAHED', '2020-02-06 00:03:31', '2020-02-20 18:43:55'),
(202291, 'SILVA', 'EDWIN', '', 'RAFALES', '2020-02-06 00:03:31', '2020-02-20 18:43:55'),
(202292, 'VALOR', 'MAMERTO', '', 'QUIANZO', '2020-02-06 00:03:31', '2020-02-20 18:43:55'),
(202293, 'CABARON', 'CAROLYN', '', 'SINGCO', '2020-02-06 00:03:31', '2020-02-20 18:43:55'),
(202294, 'FERIL', 'RANDOLF', '', 'TORREFRANCA', '2020-02-06 00:03:31', '2020-02-20 18:43:55'),
(202295, 'GERSAN', 'CONTEZA', '', 'TONOGBANUA', '2020-02-06 00:03:31', '2020-02-20 18:43:55'),
(202296, 'NARCISO', 'JOHNNY', '', 'SALES', '2020-02-06 00:03:31', '2020-02-20 18:43:55'),
(202297, 'TORREDA', 'FELITO', '', 'ARMENIA', '2020-02-06 00:03:31', '2020-02-20 18:43:55'),
(202298, 'PINANONANG', 'DIXIE', '', 'VILLAMIL', '2020-02-06 00:03:31', '2020-02-20 18:43:55'),
(202299, 'RABANES', 'MARIA CRISTY', '', 'SALDOGA', '2020-02-06 00:03:31', '2020-02-20 18:43:55'),
(202300, 'RABANES', 'RONILO', '', 'TUVALLES', '2020-02-06 00:03:31', '2020-02-20 18:43:55'),
(202301, 'PAO', 'CESAR', 'SR.', 'BENTERO', '2020-02-06 00:03:31', '2020-02-20 18:43:55'),
(202302, 'LOJERA', 'MA. ANGELES LOURES ', '', 'RICONALLA', '2020-02-06 00:03:31', '2020-02-20 18:43:55'),
(202303, 'SAJULLA', 'ETHEL', '', 'BALUCAN', '2020-02-06 00:03:31', '2020-02-20 18:43:55'),
(202304, 'JARDINIANO', 'CHARINA MAY', '', 'TIJING', '2020-02-06 00:03:31', '2020-02-20 18:43:56'),
(202305, 'MONGCAL', 'MARY ANN', '', 'CERIALES', '2020-02-06 00:03:31', '2020-02-20 18:43:56'),
(202306, 'ARBON', 'ALWYNN', '', 'PINILI', '2020-02-06 00:03:31', '2020-02-20 18:43:56'),
(202307, 'CAROPE', 'MARICHEL', '', 'MILLAN', '2020-02-06 00:03:31', '2020-02-20 18:43:56'),
(202308, 'CASELA', 'NERISSA', '', 'TRAYVILLA', '2020-02-06 00:03:31', '2020-02-20 18:43:56'),
(202309, 'INGAN', 'MARCELINO', '', 'MORADOS', '2020-02-06 00:03:31', '2020-02-20 18:43:56'),
(202310, 'CADAPAN', 'JENNIFER', '', 'MARTIN', '2020-02-06 00:03:31', '2020-02-20 18:43:56'),
(202311, 'JAMANDRON', 'ARVIN', '', 'LUBRICO', '2020-02-06 00:03:31', '2020-02-20 18:43:56');

-- --------------------------------------------------------

--
-- Table structure for table `failed_jobs`
--

CREATE TABLE `failed_jobs` (
  `id` bigint(20) UNSIGNED NOT NULL,
  `connection` text COLLATE utf8mb4_unicode_ci NOT NULL,
  `queue` text COLLATE utf8mb4_unicode_ci NOT NULL,
  `payload` longtext COLLATE utf8mb4_unicode_ci NOT NULL,
  `exception` longtext COLLATE utf8mb4_unicode_ci NOT NULL,
  `failed_at` timestamp NOT NULL DEFAULT CURRENT_TIMESTAMP
) ENGINE=InnoDB DEFAULT CHARSET=utf8mb4 COLLATE=utf8mb4_unicode_ci;

-- --------------------------------------------------------

--
-- Table structure for table `functions`
--

CREATE TABLE `functions` (
  `id` bigint(20) UNSIGNED NOT NULL,
  `position_id` bigint(20) UNSIGNED NOT NULL,
  `name` varchar(191) COLLATE utf8mb4_unicode_ci NOT NULL,
  `level` int(11) NOT NULL,
  `category` varchar(191) COLLATE utf8mb4_unicode_ci NOT NULL,
  `sg` int(11) NOT NULL,
  `created_at` timestamp NULL DEFAULT NULL,
  `updated_at` timestamp NULL DEFAULT NULL
) ENGINE=InnoDB DEFAULT CHARSET=utf8mb4 COLLATE=utf8mb4_unicode_ci;

-- --------------------------------------------------------

--
-- Table structure for table `migrations`
--

CREATE TABLE `migrations` (
  `id` int(10) UNSIGNED NOT NULL,
  `migration` varchar(191) COLLATE utf8mb4_unicode_ci NOT NULL,
  `batch` int(11) NOT NULL
) ENGINE=InnoDB DEFAULT CHARSET=utf8mb4 COLLATE=utf8mb4_unicode_ci;

--
-- Dumping data for table `migrations`
--

INSERT INTO `migrations` (`id`, `migration`, `batch`) VALUES
(2, '2014_10_12_100000_create_password_resets_table', 1),
(3, '2019_08_19_000000_create_failed_jobs_table', 1),
(4, '2019_12_27_060123_create_employees_table', 1),
(5, '2020_01_02_074702_create_shows_table', 1),
(6, '2020_01_07_064251_create_departments_table', 1),
(7, '2020_01_10_003718_create_positions_table', 1),
(8, '2020_01_24_061627_create_sections_table', 1),
(9, '2020_01_24_072415_create_functions_table', 1),
(10, '2020_02_06_071222_create_casuals_table', 1),
(11, '2020_02_06_123254_create_casual_appointments_table', 1),
(12, '2020_02_06_125146_create_appointments_table', 1),
(14, '2014_10_12_000000_create_users_table', 2);

-- --------------------------------------------------------

--
-- Table structure for table `password_resets`
--

CREATE TABLE `password_resets` (
  `email` varchar(191) COLLATE utf8mb4_unicode_ci NOT NULL,
  `token` varchar(191) COLLATE utf8mb4_unicode_ci NOT NULL,
  `created_at` timestamp NULL DEFAULT NULL
) ENGINE=InnoDB DEFAULT CHARSET=utf8mb4 COLLATE=utf8mb4_unicode_ci;

-- --------------------------------------------------------

--
-- Table structure for table `positions`
--

CREATE TABLE `positions` (
  `id` bigint(20) UNSIGNED NOT NULL,
  `name` varchar(191) COLLATE utf8mb4_unicode_ci NOT NULL,
  `function` varchar(191) COLLATE utf8mb4_unicode_ci DEFAULT NULL,
  `level` varchar(191) COLLATE utf8mb4_unicode_ci DEFAULT NULL,
  `category` varchar(191) COLLATE utf8mb4_unicode_ci DEFAULT NULL,
  `sg` varchar(191) COLLATE utf8mb4_unicode_ci DEFAULT NULL,
  `created_at` timestamp NULL DEFAULT NULL,
  `updated_at` timestamp NULL DEFAULT NULL
) ENGINE=InnoDB DEFAULT CHARSET=utf8mb4 COLLATE=utf8mb4_unicode_ci;

-- --------------------------------------------------------

--
-- Table structure for table `sections`
--

CREATE TABLE `sections` (
  `id` bigint(20) UNSIGNED NOT NULL,
  `department_id` bigint(20) UNSIGNED NOT NULL,
  `name` varchar(191) COLLATE utf8mb4_unicode_ci NOT NULL,
  `short_name` varchar(191) COLLATE utf8mb4_unicode_ci NOT NULL,
  `created_at` timestamp NULL DEFAULT NULL,
  `updated_at` timestamp NULL DEFAULT NULL
) ENGINE=InnoDB DEFAULT CHARSET=utf8mb4 COLLATE=utf8mb4_unicode_ci;

-- --------------------------------------------------------

--
-- Table structure for table `shows`
--

CREATE TABLE `shows` (
  `id` bigint(20) UNSIGNED NOT NULL,
  `show_name` varchar(191) COLLATE utf8mb4_unicode_ci NOT NULL,
  `genre` varchar(191) COLLATE utf8mb4_unicode_ci NOT NULL,
  `imdb_rating` double(8,2) NOT NULL,
  `lead_actor` varchar(191) COLLATE utf8mb4_unicode_ci NOT NULL,
  `created_at` timestamp NULL DEFAULT NULL,
  `updated_at` timestamp NULL DEFAULT NULL
) ENGINE=InnoDB DEFAULT CHARSET=utf8mb4 COLLATE=utf8mb4_unicode_ci;

-- --------------------------------------------------------

--
-- Table structure for table `users`
--

CREATE TABLE `users` (
  `id` bigint(20) UNSIGNED NOT NULL,
  `name` varchar(191) COLLATE utf8mb4_unicode_ci NOT NULL,
  `username` varchar(191) COLLATE utf8mb4_unicode_ci NOT NULL,
  `u_type` varchar(191) COLLATE utf8mb4_unicode_ci DEFAULT NULL,
  `password` varchar(191) COLLATE utf8mb4_unicode_ci DEFAULT NULL,
  `remember_token` varchar(100) COLLATE utf8mb4_unicode_ci DEFAULT NULL,
  `created_at` timestamp NULL DEFAULT NULL,
  `updated_at` timestamp NULL DEFAULT NULL
) ENGINE=InnoDB DEFAULT CHARSET=utf8mb4 COLLATE=utf8mb4_unicode_ci;

--
-- Dumping data for table `users`
--

INSERT INTO `users` (`id`, `name`, `username`, `u_type`, `password`, `remember_token`, `created_at`, `updated_at`) VALUES
(1, 'Franz Joshua Valencia', 'fjavalencia', 'sys_admin', '$2y$10$Xz8xAczvlmrhFd9Kn/yE2OUftdXy5jeW7rl6PxlRD32jasv3oYIXC', NULL, '2020-02-19 17:21:27', '2020-02-19 17:21:27'),
(2, 'Jane Doe', 'jdoe', NULL, '$2y$10$oS6BPzJPiq7Lxhu6mmIAmezryJMJ4JV.EDkMe9BtXnNMCrtH6D5cy', NULL, '2020-02-19 17:21:27', '2020-02-19 17:21:27'),
(3, 'Jessel Marie B. Alingcomot', 'jmbalingcomot', NULL, '$2y$10$qKa/cWgRyNgRwOpUKowqQeiLPRwYczDpmDeA6CFIcJbI5kj/85GD.', NULL, '2020-02-19 17:21:27', '2020-02-19 17:21:27');

--
-- Indexes for dumped tables
--

--
-- Indexes for table `appointments`
--
ALTER TABLE `appointments`
  ADD PRIMARY KEY (`id`);

--
-- Indexes for table `casuals`
--
ALTER TABLE `casuals`
  ADD PRIMARY KEY (`id`);

--
-- Indexes for table `casual_appointments`
--
ALTER TABLE `casual_appointments`
  ADD PRIMARY KEY (`id`);

--
-- Indexes for table `departments`
--
ALTER TABLE `departments`
  ADD PRIMARY KEY (`id`);

--
-- Indexes for table `employees`
--
ALTER TABLE `employees`
  ADD PRIMARY KEY (`id`);

--
-- Indexes for table `failed_jobs`
--
ALTER TABLE `failed_jobs`
  ADD PRIMARY KEY (`id`);

--
-- Indexes for table `functions`
--
ALTER TABLE `functions`
  ADD PRIMARY KEY (`id`);

--
-- Indexes for table `migrations`
--
ALTER TABLE `migrations`
  ADD PRIMARY KEY (`id`);

--
-- Indexes for table `password_resets`
--
ALTER TABLE `password_resets`
  ADD KEY `password_resets_email_index` (`email`);

--
-- Indexes for table `positions`
--
ALTER TABLE `positions`
  ADD PRIMARY KEY (`id`);

--
-- Indexes for table `sections`
--
ALTER TABLE `sections`
  ADD PRIMARY KEY (`id`);

--
-- Indexes for table `shows`
--
ALTER TABLE `shows`
  ADD PRIMARY KEY (`id`);

--
-- Indexes for table `users`
--
ALTER TABLE `users`
  ADD PRIMARY KEY (`id`),
  ADD UNIQUE KEY `users_username_unique` (`username`);

--
-- AUTO_INCREMENT for dumped tables
--

--
-- AUTO_INCREMENT for table `appointments`
--
ALTER TABLE `appointments`
  MODIFY `id` bigint(20) UNSIGNED NOT NULL AUTO_INCREMENT, AUTO_INCREMENT=312;

--
-- AUTO_INCREMENT for table `casuals`
--
ALTER TABLE `casuals`
  MODIFY `id` bigint(20) UNSIGNED NOT NULL AUTO_INCREMENT;

--
-- AUTO_INCREMENT for table `casual_appointments`
--
ALTER TABLE `casual_appointments`
  MODIFY `id` bigint(20) UNSIGNED NOT NULL AUTO_INCREMENT;

--
-- AUTO_INCREMENT for table `departments`
--
ALTER TABLE `departments`
  MODIFY `id` bigint(20) UNSIGNED NOT NULL AUTO_INCREMENT, AUTO_INCREMENT=33;

--
-- AUTO_INCREMENT for table `employees`
--
ALTER TABLE `employees`
  MODIFY `id` bigint(20) UNSIGNED NOT NULL AUTO_INCREMENT, AUTO_INCREMENT=20512;

--
-- AUTO_INCREMENT for table `failed_jobs`
--
ALTER TABLE `failed_jobs`
  MODIFY `id` bigint(20) UNSIGNED NOT NULL AUTO_INCREMENT;

--
-- AUTO_INCREMENT for table `functions`
--
ALTER TABLE `functions`
  MODIFY `id` bigint(20) UNSIGNED NOT NULL AUTO_INCREMENT;

--
-- AUTO_INCREMENT for table `migrations`
--
ALTER TABLE `migrations`
  MODIFY `id` int(10) UNSIGNED NOT NULL AUTO_INCREMENT, AUTO_INCREMENT=15;

--
-- AUTO_INCREMENT for table `positions`
--
ALTER TABLE `positions`
  MODIFY `id` bigint(20) UNSIGNED NOT NULL AUTO_INCREMENT;

--
-- AUTO_INCREMENT for table `sections`
--
ALTER TABLE `sections`
  MODIFY `id` bigint(20) UNSIGNED NOT NULL AUTO_INCREMENT;

--
-- AUTO_INCREMENT for table `shows`
--
ALTER TABLE `shows`
  MODIFY `id` bigint(20) UNSIGNED NOT NULL AUTO_INCREMENT;

--
-- AUTO_INCREMENT for table `users`
--
ALTER TABLE `users`
  MODIFY `id` bigint(20) UNSIGNED NOT NULL AUTO_INCREMENT, AUTO_INCREMENT=4;
COMMIT;

/*!40101 SET CHARACTER_SET_CLIENT=@OLD_CHARACTER_SET_CLIENT */;
/*!40101 SET CHARACTER_SET_RESULTS=@OLD_CHARACTER_SET_RESULTS */;
/*!40101 SET COLLATION_CONNECTION=@OLD_COLLATION_CONNECTION */;
